Player_Name,Team,Position,Games_Played,Minutes,Field_Goals,Field_Goals_Attempted,Field_Goal_Percentage,three_points,three_points_attempted,Three_points_percentage,Free_throw,Free_throw_attempt,Free_throw_percentage,Offensive_rebounds,Defensive_rebounds,Total_rebounds,Assists,Steals,Turnovers,Blocks,Personal_fouls,PTS,Playmaking,Shooting,Offense,All_Around,Defense
A.J. Price,WAS,PG,58,22.4,2.8,7.2,39,1.2,3.5,34.8,0.8,1.1,79,0.4,1.7,2.1,3.6,0.6,1.1,0.1,1.3,7.7,5.803571429,0.500941366,0.869649805,8.913793103,2.4
Aaron Brooks,SAC,PG,46,20.9,3,6.6,45.9,1,2.8,37.8,0.9,1.1,76.9,0.3,1.4,1.7,2.3,0.6,1.4,0.2,1.9,8,0.637958533,0.563656415,0.93519695,8,2.2
Aaron Gray,TOR,C,42,12,1.1,2.1,52.9,0,0,0,0.5,1,54.8,1.1,2,3.1,0.8,0.2,0.9,0.1,1.9,2.7,-3.055555556,0.530616078,0.768707483,5.476190476,2.3
Al Harrington,ORL,PF,10,11.8,2,5.7,35.1,0.8,3,26.7,0.3,0.4,75,0.6,2.1,2.7,1,0.4,0.7,0.1,1.8,5.1,-0.282485876,0.433968686,0.772727273,5,2.6
Al Horford,ATL,C,73,37.2,7.8,14.3,54.6,0,0.1,50,1.8,2.8,64.1,2.6,7.6,10.2,3.2,1.1,1.9,1,2.2,17.4,0.627240143,0.560083263,0.988326848,25.49315068,9.7
Al Jefferson,UTH,C,77,33.1,7.8,15.9,49.3,0,0.2,11.8,2.2,2.8,77,2,7.3,9.3,2.1,1,1.4,1.1,2.2,17.9,0,0.522349588,0.956944444,22.49350649,9.4
Al.Farouq Aminu,NOR,SF,74,27,2.9,6.2,47.7,0.1,0.2,22.2,1.4,1.8,74.1,1.8,5.9,7.6,1.3,1.2,1.5,0.7,2,7.3,-2.345679012,0.521718967,0.848389631,13.7027027,7.8
Alan Anderson,TOR,SG,65,23.2,3.7,9.6,38.8,1.5,4.4,33.6,2,2.3,85.8,0.5,1.8,2.3,1.6,0.7,1.2,0.1,2,10.8,-0.574712644,0.508695652,0.903474903,8.723076923,2.6
Alec Burks,UTH,PG,63,17.8,2.6,6.1,41.8,0.5,1.4,35.2,1.5,2,71.3,0.6,1.7,2.3,1.4,0.6,1.1,0.2,1.8,7.1,-0.936329588,0.508601857,0.86627907,7.507936508,2.5
Alexey Shved,MIN,PG,77,23.8,3,8.2,37.2,1.1,3.7,29.7,1.4,2,72.2,0.5,1.7,2.2,3.7,0.7,1.9,0.3,1.5,8.6,2.380952381,0.473696262,0.775175644,9,2.7
Alonzo Gee,CLE,SF,81,30.9,3.7,9,40.9,0.9,2.7,31.8,2,2.5,79.5,0.9,2.9,3.8,1.6,1.3,1.6,0.3,2.4,10.2,-1.725997843,0.504692541,0.859968766,10.80246914,4.5
Amar'e Stoudemire,NYK,PF,29,23.6,5.3,9.2,57.7,0,0,0,3.6,4.5,80.8,2.1,2.9,5,0.4,0.3,1.7,0.7,3.1,14.2,-6.073446328,0.634549039,1.079947575,15.93103448,3.9
Amir Johnson,TOR,PF,81,28.8,4.1,7.5,55.1,0.1,0.2,38.5,1.7,2.3,73,2.8,4.7,7.5,1.5,1,1.5,1.4,3.7,10,-1.736111111,0.587092659,0.984204131,17.11111111,7.1
Anderson Varejao,CLE,C,25,36,5.5,11.6,47.8,0,0.2,0,3.1,4.1,75.5,5.5,8.9,14.4,3.4,1.5,1.8,0.6,2.7,14.1,1.296296296,0.526362877,0.913324709,27.12,11
Andray Blatche,BKN,C,83,19,4.3,8.3,51.2,0,0.3,13.6,1.8,2.7,68.2,2,3.1,5.1,1,1,1.5,0.7,2,10.3,-4.385964912,0.542815785,0.923326134,13.4939759,4.8
Andre Drummond,DET,C,61,20.9,3.5,5.7,61.1,0,0,50,1,2.6,37.3,2.8,4.9,7.7,0.5,1,1,1.6,2.4,8,-3.189792663,0.583787922,0.998976459,17.2295082,7.5
Andre Iguodala,DEN,SG,81,34.8,5,11,45.2,1.1,3.6,31.7,1.9,3.4,57.5,1,4.3,5.3,5.5,1.7,2.6,0.6,1.6,13,3.0651341,0.520256917,0.849536103,19.01234568,6.6
Andre Miller,DEN,PG,83,26.3,3.7,7.7,47.9,0.2,0.8,27.3,2,2.4,83.5,0.7,2.2,2.9,6,0.9,2.1,0.1,1.9,9.6,7.224334601,0.548475006,0.873424658,13.80722892,3.2
Andrea Bargnani,TOR,PF,35,28.7,4.9,12.1,40,1.1,3.5,31.1,1.9,2.2,84.4,0.7,2.9,3.7,1.1,0.6,1.5,0.7,1.8,12.7,-2.671312427,0.48593518,0.863239573,10.45714286,4.2
Andrei Kirilenko,MIN,SF,64,32,4.4,8.8,50,0.5,1.9,29.4,3,3.9,76.2,1.6,4,5.7,2.8,1.6,1.9,1,1.3,12.3,-0.104166667,0.584695394,0.971604938,17.984375,6.6
Andrew Bogut,GSW,C,31,24.7,2.6,5.8,44.7,0,0,100,0.6,1.2,50,2.1,5.6,7.7,2.2,0.6,1.1,1.8,2.7,5.8,1.484480432,0.458528633,0.774193548,14.4516129,8
Andrew Nicholson,ORL,PF,74,16.6,3.4,6.5,52.7,0,0,0,1,1.2,79.3,0.9,2.5,3.4,0.6,0.3,1.1,0.4,1.8,7.9,-4.21686747,0.562326976,0.964550701,8.621621622,3.2
Antawn Jamison,LAL,PF,75,21.5,3.5,7.5,46.5,1.1,3.1,35.7,1.2,1.8,68.9,1.4,3.3,4.8,0.7,0.4,0.7,0.3,1.6,9.3,-1.085271318,0.560732648,1.021214338,11.41333333,4
Anthony Davis,NOR,PF,62,28.9,5.4,10.5,51.2,0,0.1,0,2.6,3.5,75.2,2.5,5.6,8.1,1,1.1,1.4,1.7,2.5,13.4,-2.537485582,0.556612367,0.981689309,19.69354839,8.4
Anthony Morrow,ATL,SG,24,12.6,2,4.6,42.3,0.6,1.6,39.5,0.7,0.8,88.9,0.4,0.7,1.1,0.4,0.5,0.2,0,1.4,5.2,0.529100529,0.528050017,1.004016064,4.5,1.2
Anthony Tolliver,ATL,PF,62,15.6,1.3,3.5,37.8,0.7,2.1,34.1,0.7,0.8,86.3,0.5,1.9,2.4,0.5,0.2,0.6,0.2,1.1,4.1,-1.709401709,0.531380753,0.910394265,4.693548387,2.3
Arnett Moultrie,PHI,PF,47,11.6,1.7,2.9,58.5,0,0,0,0.4,0.6,64.3,1.6,1.5,3.1,0.2,0.4,0.4,0.2,0.9,3.7,-2.298850575,0.586569579,1.029585799,6.191489362,2.1
Arron Afflalo,ORL,SG,64,36,6.2,14.1,43.9,1.1,3.7,30.1,3,3.5,85.7,0.5,3.3,3.7,3.2,0.6,2.2,0.2,2.1,16.5,-0.185185185,0.527704485,0.914285714,14.59375,4.1
Austin Daye,DET,PF,24,14.5,1.8,4,44.3,0.9,1.7,52.5,0.6,0.8,83.3,0.4,2.2,2.6,0.9,0.2,0.5,0.3,1.8,5.1,0.689655172,0.58451514,1.038297872,6.583333333,2.7
Austin Rivers,NOR,SG,61,23.2,2.4,6.4,37.2,0.5,1.4,32.6,1,1.8,54.6,0.3,1.5,1.8,2.1,0.4,1.2,0.1,2,6.2,0.862068966,0.431113139,0.72972973,6.196721311,2
Avery Bradley,BOS,PG,49,28.7,3.9,9.5,40.6,0.8,2.4,32.2,0.7,0.9,77.8,0.6,1.7,2.3,2.1,1.3,1.4,0.4,2.6,9.2,0,0.464603593,0.809694794,8.530612245,3.4
Ben Gordon,CHA,SG,75,21.1,4.2,10.3,41,1.6,4,39.3,1.5,1.8,84.2,0.2,1.5,1.8,1.9,0.5,1.9,0.2,1.8,11.6,-3.001579779,0.522585296,0.884595831,8.306666667,2.2
Beno Udrih,ORL,PG,26,27,3.3,8.5,39.4,0.7,1.8,37.5,2.2,2.5,84.8,0.6,1.6,2.2,6.1,0.9,2,0,1.9,9.5,7.654320988,0.494791667,0.808510638,11.80769231,2.5
Bismack Biyombo,CHA,PF,80,27.4,2,4.3,45.5,0,0,0,1,1.8,52.8,2.5,4.9,7.3,0.4,0.4,1,1.8,2.5,4.9,-2.676399027,0.481146897,0.790322581,12.3,7.1
Blake Griffin,LAC,PF,80,32.5,7.2,13.4,53.8,0.1,0.4,17.9,3.5,5.3,66,2.3,6,8.3,3.7,1.2,2.3,0.6,2.9,18,0.512820513,0.57208238,0.980926431,25.1,7.8
Boris Diaw,SAS,C,76,22.6,2.4,4.4,53.9,0.4,1,38.5,0.6,0.9,72.3,0.9,2.5,3.4,2.4,0.7,1.1,0.4,1.9,5.7,2.212389381,0.594910969,0.957964602,9.776315789,3.6
Bradley Beal,WAS,SG,56,31.2,5,12.3,41,1.6,4.2,38.6,2.2,2.8,78.6,0.8,3,3.8,2.5,0.9,1.6,0.5,2,13.9,0.213675214,0.513138455,0.90728863,13.28571429,4.4
Brandan Wright,DAL,C,63,17.8,3.7,6.2,59.5,0,0,0,0.9,1.5,60.6,1.3,2.7,4,0.6,0.4,0.5,1.2,1.2,8.3,-0.561797753,0.604205176,1.111583422,12.0952381,4.3
Brandon Bass,BOS,PF,80,27.5,3.5,7.2,48.5,0,0,0,1.6,1.9,86.6,1.6,3.6,5.2,1,0.6,1,0.8,2.3,8.6,-1.212121212,0.535092086,0.93989071,11.8,5
Brandon Jennings,MIL,PG,80,36.1,6.2,15.5,39.9,2.1,5.7,37.5,2.8,3.5,81.9,0.7,2.3,3.1,6.6,1.6,2.5,0.1,1.9,17.4,5.263157895,0.51056338,0.881012658,17.7,4
Brandon Knight,DET,PG,76,31.6,4.8,11.8,41,1.6,4.4,37.2,2.2,3,73.2,0.7,2.5,3.3,4.1,0.8,2.7,0.1,2.1,13.5,0.105485232,0.514378534,0.84375,12.92105263,3.4
Brandon Roy,MIN,SG,5,24.4,2.2,7,31.4,0,1.8,0,1.4,2,70,0.6,2.2,2.8,4.6,0.6,1.4,0,1,5.8,6.830601093,0.368020305,0.617021277,8.2,2.8
Brendan Haywood,CHA,C,61,19.1,1.5,3.5,43.1,0,0,0,0.5,1.1,45.5,2,2.7,4.8,0.5,0.3,0.8,0.8,2,3.5,-2.443280977,0.439461147,0.721753794,7.721311475,3.8
Brian Roberts,NOR,PG,76,16.7,2.7,6.5,42,0.8,2,38.9,0.9,1,90.9,0.2,1,1.3,2.8,0.5,0.9,0,1.3,7.1,5.788423154,0.511906568,0.9,7.118421053,1.5
Brook Lopez,BKN,C,75,30.5,7.7,14.8,52,0,0,0,4,5.3,75.7,2.8,4.1,6.9,0.9,0.5,1.8,2.1,2.1,19.4,-3.93442623,0.566094995,1.007617729,22.22666667,6.7
Byron Mullens,CHA,C,54,26.5,4,10.4,38.5,1.2,3.9,31.7,1.2,1.9,63.4,1.3,4.9,6.3,1.5,0.6,1.4,0.6,2.1,10.4,-1.509433962,0.462688533,0.815083394,12.27777778,6.1
C.J. Miles,CLE,SG,64,21.1,4,9.5,41.7,2,5.1,38.8,1.4,1.6,87.1,0.4,2.3,2.7,1,0.8,1,0.3,2.1,11.3,-1.579778831,0.553700527,1,9.796875,3.4
C.J. Watson,BKN,PG,81,19,2.4,5.7,41.9,1.1,2.6,41.1,0.9,1.1,78,0.5,1.3,1.8,2,0.8,0.9,0.2,1.5,6.8,2.280701754,0.549724639,0.950819672,7.604938272,2.3
Carl Landry,GSW,PF,80,23.2,4,7.4,54,0,0,33.3,2.8,3.4,81.8,2.2,3.8,6,0.8,0.4,1.4,0.4,2.3,10.8,-3.735632184,0.607014388,1.028571429,14.2,4.6
Carlos Boozer,CHI,PF,78,32.2,6.9,14.4,47.9,0,0,0,2.5,3.4,73.1,2.2,7.5,9.8,2.2,0.8,2.2,0.4,3,16.3,-2.277432712,0.512665376,0.890367776,20.67948718,8.7
Carlos Delfino,HOU,SG,67,25.2,3.7,9.3,40.5,2.4,6.3,37.5,0.7,0.8,85.7,0.3,3,3.3,2,1,1.1,0.1,1.7,10.6,0.925925926,0.548889851,0.980662983,10.40298507,4.1
Carmelo Anthony,NYK,SF,66,37,9.9,22.1,44.6,2.3,6.2,37.8,6.4,7.7,82.9,2,4.8,6.8,2.6,0.8,2.6,0.5,3.1,28.5,-2.342342342,0.558982954,0.997877984,25.71212121,6.1
Caron Butler,LAC,SF,78,24.1,3.9,9.2,42.4,1.6,4.2,38.8,1,1.2,83.3,0.5,2.3,2.9,1,0.7,0.9,0.1,1.8,10.4,-0.968188105,0.534002318,0.971257485,9.115384615,3.1
Cartier Martin,WAS,PF,41,16.9,2.3,6.1,38.1,1.4,3.6,39.7,0.5,0.7,71.4,0.3,2.2,2.4,0.5,0.5,0.8,0.1,1.4,6.6,-2.761341223,0.515679708,0.91092437,5.707317073,2.8
Chandler Parsons,HOU,SF,76,36.3,6,12.4,48.6,2,5.2,38.5,1.5,2,72.9,1,4.3,5.3,3.5,1,1.9,0.4,1.9,15.5,1.193755739,0.583815716,1.013769363,17.90789474,5.7
Charles Jenkins,PHI,PG,12,12.5,1.2,3.2,36.8,0,0,0,0.2,0.3,50,0.3,0.7,0.9,1.3,0.5,0.2,0.1,0.3,2.5,5.333333333,0.377263581,0.714285714,3.25,1.3
Charlie Villanueva,DET,PF,70,15.8,2.5,6.7,37.7,1.3,3.7,34.7,0.4,0.7,55.1,0.7,2.8,3.5,0.8,0.4,0.6,0.6,1.4,6.7,-0.421940928,0.478025114,0.875816993,7.5,3.8
Chase Budinger,MIN,SF,23,22,3.4,8.4,40.9,1.2,3.5,33.3,1.4,1.9,76.7,0.6,2.5,3.1,1.1,0.6,1,0.3,1.2,9.5,-1.212121212,0.515633829,0.920168067,9.130434783,3.4
Chauncey Billups,LAC,PG,22,19,2.4,6,40.2,1.5,4.1,36.7,2,2.2,93.8,0.1,1.4,1.5,2.2,0.5,1.2,0,1.1,8.4,1.403508772,0.604101358,1.016483516,8,1.9
Chris Andersen,MIA,PF,42,15,1.7,3,56,0,0.1,66.7,1.5,2.3,67.4,1.4,2.9,4.3,0.4,0.4,0.6,1.1,2.1,4.9,-2.222222222,0.610623666,1.032581454,10.02380952,4.4
Chris Bosh,MIA,C,73,33.2,6.6,12.2,53.6,0.3,1,28.2,3.2,4.1,79.7,1.8,5,6.7,1.6,0.9,1.7,1.4,2.3,16.6,-1.907630522,0.592630261,1.040790039,20.80821918,7.3
Chris Copeland,NYK,SF,55,15.3,3.3,6.8,47.9,1,2.5,41.9,1.1,1.5,75.9,0.6,1.5,2.2,0.5,0.3,0.9,0.2,1.8,8.7,-3.703703704,0.583406411,1.029001074,7.909090909,2
Chris Douglas.Roberts,DAL,SG,6,10.7,0.8,2.3,35.7,0,0.7,0,1.2,1.7,70,0,0.8,0.8,0.7,0.3,0.2,0,0.7,2.8,2.492211838,0.461956522,0.85,3.5,1.1
Chris Duhon,LAL,PG,46,17.8,1,2.7,38.2,0.7,2,36.3,0.1,0.3,46.2,0.2,1.2,1.5,2.9,0.4,0.9,0,1.2,2.9,5.805243446,0.51090965,0.773255814,5.282608696,1.6
Chris Johnson,MEM,SF,8,12.6,1.4,3.1,44,0.8,2.3,33.3,0.1,0.3,50,0.6,0.8,1.4,0.3,0.5,0.4,0,0.6,3.6,-1.587301587,0.560278207,1,3.875,1.3
Chris Kaman,DAL,C,65,20.7,4.8,9.4,50.8,0,0,0,1,1.3,78.8,1.5,4.1,5.6,0.8,0.5,1.6,0.8,2.1,10.6,-5.152979066,0.531307835,0.909570957,12.41538462,5.4
Chris Paul,LAC,PG,70,33.4,5.9,12.2,48.1,1.1,3.3,32.8,4.1,4.6,88.5,0.8,3,3.7,9.7,2.4,2.3,0.1,2,16.9,12.4750499,0.594066367,1.005952381,24.7,5.5
Chris Quinn,CLE,PG,7,11.3,0.6,2.3,25,0,0.7,0,0.3,0.3,100,0.1,0.1,0.3,1.3,0.4,0.9,0,0.6,1.4,-0.294985251,0.296208531,0.434782609,0.857142857,0.5
Chris Singleton,WAS,SF,58,16,1.6,4.2,38.4,0.1,0.6,19.4,0.7,1.2,57.1,0.9,2.3,3.2,0.7,0.7,0.8,0.4,2.1,4,-2.083333333,0.422125182,0.713846154,6.120689655,3.4
Chris Wilcox,BOS,PF,60,13.5,1.8,2.5,72.7,0,0,0,0.7,1,67.2,0.9,2,2.9,0.3,0.5,0.6,0.4,2,4.3,-2.962962963,0.731292517,1.194444444,7.4,2.9
Chuck Hayes,SAC,PF,74,16.4,1.1,2.6,44.2,0,0,0,0.4,0.6,62.5,1.5,2.5,4.1,1.5,0.4,0.6,0.2,1.5,2.7,2.43902439,0.473126419,0.775193798,7.013513514,3.1
Cole Aldrich,SAC,C,15,11.7,1.4,2.5,56.8,0,0,0,0.5,0.7,72.7,1.2,3,4.2,0.2,0.1,0.6,0.9,1.3,3.3,-3.988603989,0.58356676,0.952380952,7.266666667,4
Corey Brewer,DEN,SF,83,24.6,4.6,10.8,42.5,1.1,3.7,29.9,1.9,2.7,69.5,0.7,2.2,2.9,1.5,1.4,1.2,0.3,1.9,12.2,-0.81300813,0.509270431,0.914259928,11.69879518,3.9
Corey Maggette,DET,SF,18,14.2,1.5,4.2,35.5,0.3,1.2,23.8,2,2.7,75,0.3,1.1,1.4,1.1,0.3,0.9,0.1,2.3,5.3,-1.17370892,0.486879869,0.815450644,5.277777778,1.5
Cory Joseph,SAS,PG,29,14.3,1.9,4.2,45.1,0.2,0.8,25,0.6,0.7,85.7,0.5,1.4,1.9,1.9,0.5,0.8,0.2,0.9,4.6,3.263403263,0.508409786,0.858064516,6.103448276,2.1
Courtney Lee,BOS,SG,77,25,3.2,6.8,46.7,0.8,2,37.2,0.8,0.9,86.1,0.4,2,2.4,1.8,1.1,1.1,0.3,1.8,7.9,0.4,0.548380114,0.944832945,8.909090909,3.4
D.J. Augustin,IND,PG,76,16.2,1.4,3.9,35.4,0.9,2.5,35.2,1.1,1.3,82.7,0.3,0.9,1.2,2.3,0.4,0.9,0,0.8,4.7,3.909465021,0.525680292,0.863361548,5.394736842,1.3
Daequan Cook,HOU,SG,16,10.4,1.3,3.7,35.6,0.7,1.9,36.7,0.1,0.2,66.7,0.3,0.8,1.1,0.6,0.4,0.4,0.1,0.8,3.4,-5.34E-16,0.447612732,0.812030075,3,1.3
Dahntay Jones,DAL,SF,50,12.7,1,2.8,35.7,0.2,0.7,21.6,1.3,1.6,80.5,0.3,1.1,1.4,0.6,0.2,0.4,0.1,1.5,3.5,-4.37E-16,0.499429224,0.875,3.9,1.4
Damian Lillard,POR,PG,81,38.6,6.8,15.8,43.1,2.3,6.2,36.7,3.4,4,84.7,0.5,2.6,3.1,6.5,0.9,3,0.2,2.1,19.2,3.454231434,0.546549882,0.922848665,18.50617284,3.7
Damien Wilkins,PHI,SG,61,18,2.3,5.2,45,0.2,0.8,30.6,1.3,1.7,73.6,0.5,1.2,1.7,1.4,0.6,0.8,0.3,1.6,6.2,0.740740741,0.521005624,0.90430622,6.885245902,2.1
Daniel Gibson,CLE,SG,46,20.1,1.8,5.4,34,1.2,3.5,34.4,0.6,0.8,70.3,0.1,1.2,1.3,1.8,0.7,0.7,0.1,1.9,5.4,2.487562189,0.469199334,0.830820771,5.195652174,2
Danilo Gallinari,DEN,SF,71,32.5,5.1,12.3,41.8,1.9,5.1,37.3,4,4.9,82.2,0.9,4.3,5.2,2.5,0.9,1.6,0.5,1.8,16.2,0.205128205,0.56036331,0.990525409,17.4084507,5.7
Danny Granger,IND,SF,5,15,2,7,28.6,0.4,2,20,1,1.6,62.5,0.6,1.2,1.8,0.6,0.4,0.8,0.2,1.2,5.4,-2.666666667,0.35046729,0.627906977,3.2,1.8
Danny Green,SAS,SG,81,27.3,3.7,8.2,44.7,2.2,5.1,42.9,0.8,1,84,0.5,2.6,3,1.8,1.1,1.2,0.7,1.6,10.4,0,0.601738037,1.050530256,11.49382716,4.4
Dante Cunningham,MIN,PF,80,25.2,3.9,8.4,47,0,0.1,0,0.9,1.3,65.4,1.8,3.3,5.1,0.8,1,0.7,0.5,1.9,8.8,-0.661375661,0.490414623,0.902564103,11.4,4.8
Darius Miller,NOR,SF,50,13.2,0.8,2,40.2,0.4,1.1,39.6,0.2,0.2,100,0.2,1.4,1.5,0.8,0.3,0.4,0.2,1.6,2.2,1.01010101,0.526819923,0.88,3.4,1.9
Darius Morris,LAL,PG,48,14.3,1.5,3.9,38.8,0.5,1.4,36.4,0.5,0.8,64.9,0.5,0.7,1.2,1.6,0.4,0.9,0,1.2,4,1.165501166,0.471235028,0.771084337,4.208333333,1.1
Darrell Arthur,MEM,PF,58,16.6,2.8,6.2,45.4,0.1,0.3,27.8,0.6,0.8,71.7,1.1,1.7,2.9,0.6,0.4,0.8,0.6,2.1,6.2,-2.409638554,0.47338523,0.839160839,6.724137931,2.7
Darren Collison,DAL,PG,80,29.3,4.2,8.9,46.8,0.6,1.7,35.8,3,3.4,87.8,0.4,2.3,2.7,5.1,1.3,2.2,0.1,1.7,11.9,4.09556314,0.572335514,0.9296875,14.6,3.7
David Lee,GSW,PF,78,36.7,7.6,14.6,51.8,0,0.1,0,3.2,4.1,79.6,2.7,8.4,11.2,3.6,0.9,2.6,0.3,3.1,18.4,-0.544959128,0.560634474,0.95539281,25.69230769,9.6
David West,IND,PF,73,33.3,6.9,13.8,49.7,0.1,0.3,21.1,3.3,4.3,76.8,2,5.8,7.8,2.9,1,2.2,0.9,2.1,17.1,-0.800800801,0.544902022,0.941886792,21.5890411,7.7
DeAndre Jordan,LAC,C,82,24.5,3.8,6,64.3,0,0,0,1.2,3,38.6,2.6,4.7,7.2,0.3,0.6,1.2,1.4,2.3,8.8,-4.081632653,0.601426096,1.012622721,16.7195122,6.7
DeJuan Blair,SAS,C,62,14.1,2.4,4.5,52.3,0,0,0,0.8,1.2,64.4,1.1,2.7,3.8,0.8,0.6,0.8,0.2,1.9,5.5,-1.891252955,0.547246116,0.931693989,8.403225806,3.5
DeMar DeRozan,TOR,SG,82,36.6,6.6,14.9,44.4,0.4,1.5,28.6,4.3,5.2,83.1,0.6,3.3,3.9,2.5,0.9,1.9,0.3,2.1,18,-0.637522769,0.523612215,0.927718416,16.30487805,4.5
DeMarcus Cousins,SAC,C,74,30.8,6.5,13.9,46.6,0.1,0.3,17.4,4.2,5.7,73.6,3,7.1,10.1,2.7,1.5,3,0.7,3.6,17.2,-3.896103896,0.524006323,0.870725034,23.2972973,9.3
DeMarre Carroll,UTH,SF,65,16.7,2.3,4.9,46.1,0.3,1,27.9,1.1,1.5,77.1,1.3,1.5,2.8,0.9,0.8,0.5,0.4,1.8,6,0.598802395,0.538495526,0.972568579,8.2,2.7
DeQuan Jones,ORL,SF,62,12.4,1.5,3.3,44.4,0.1,0.5,25,0.5,0.8,66,0.3,1.4,1.7,0.3,0.3,0.5,0.3,0.8,3.6,-2.419354839,0.491189427,0.85440613,4.209677419,2
Derek Fisher,OKC,PG,23,14.7,1.4,4.2,33.3,0.9,2.5,35.1,0.5,0.6,92.3,0.1,0.9,1,0.7,0.6,0.5,0,1.3,4.2,-0.22675737,0.470143466,0.836206897,3.304347826,1.5
Deron Williams,BKN,PG,79,36.4,6.4,14.5,44.3,2.2,5.7,37.7,4.1,4.8,86.2,0.4,2.6,3,7.7,0.9,2.8,0.4,2.5,19.1,6.41025641,0.574743289,0.969482814,20.89873418,3.9
Derrick Favors,UTH,PF,76,23.2,3.5,7.4,48.1,0,0.1,0,2.4,3.4,68.8,2.4,4.6,7.1,1,0.9,1.7,1.6,3.2,9.4,-4.454022989,0.528481762,0.870731707,15.40789474,7.1
Derrick Williams,MIN,PF,78,24.5,4.4,10.1,43.4,0.8,2.5,33.5,2.4,3.4,69.9,1.2,4.3,5.5,0.6,0.6,1.3,0.5,1.7,12,-3.673469388,0.517355737,0.916299559,13.20512821,5.4
DeSagana Diop,CHA,C,22,10.3,0.4,1.2,29.6,0,0,0,0,0,0,0.5,1.9,2.3,0.6,0.2,0.4,0.7,0.9,0.7,-5.39E-16,0.288461538,0.428571429,3.227272727,2.8
DeShawn Stevenson,ATL,SF,55,20.7,1.8,4.7,37.3,1.4,3.8,36.4,0.2,0.4,52.2,0.3,1.9,2.2,0.9,0.5,0.4,0.1,1.2,5.1,0.966183575,0.522926902,0.962328767,5.727272727,2.5
Devin Ebanks,LAL,SF,19,10.3,1.3,3.8,32.9,0.3,1.2,27.3,0.6,0.7,78.6,0.5,1.6,2.2,0.5,0.2,0.6,0.1,1.2,3.4,-2.588996764,0.418167782,0.726256983,3.473684211,1.9
Devin Harris,ATL,PG,58,24.5,3.3,7.6,43.8,1.3,4,33.5,1.9,2.7,72.7,0.1,1.9,2,3.4,1.1,1.5,0.2,1.8,9.9,3.129251701,0.562656838,0.94641385,11.60344828,3.2
Dion Waiters,CLE,SG,61,28.8,5.5,13.4,41.2,1,3.3,31,2.6,3.5,74.6,0.4,2.1,2.4,3,1,2,0.3,1.9,14.7,0,0.492229685,0.857552581,12.39344262,3.4
Dirk Nowitzki,DAL,PF,52,31.4,6.5,13.7,47.2,1.2,2.9,41.8,3.1,3.7,85.8,0.7,6.2,6.9,2.5,0.7,1.3,0.7,1.8,17.3,1.167728238,0.564985938,1.02739726,20.19230769,7.6
Dominic McGuire,TOR,SF,15,15.3,1,2.1,46.9,0,0,0,0.1,0.4,33.3,0.7,2.5,3.2,0.7,0.3,0.5,0.5,1.7,2.1,-0.217864924,0.461893764,0.744186047,5.6,3.3
Dominique Jones,DAL,SG,29,11.7,1.4,3.8,36.7,0,0.3,11.1,1.2,1.8,66,0.6,0.9,1.6,2.9,0.5,1.3,0.1,1,4,5.413105413,0.436484046,0.666666667,5.965517241,1.5
Donald Sloan,CLE,PG,20,12.9,1.4,3.9,34.6,0.4,1,36.8,1,1.3,80,0.2,1.3,1.4,1.9,0.3,0.7,0,0.9,4.1,4.392764858,0.458407871,0.780952381,4.8,1.6
Donatas Motiejunas,HOU,PF,44,12,2.2,4.8,46.9,0.5,1.9,29.3,0.7,1.2,62.7,0.8,1.3,2,0.6,0.1,0.9,0.3,1.7,5.7,-4.166666667,0.535592352,0.904504505,5.681818182,1.7
Dorell Wright,PHI,SF,80,22.7,3,7.6,39.3,1.7,4.6,37,1.5,1.8,84.8,0.6,3.3,3.9,1.9,0.8,0.8,0.4,1.3,9.2,2.055800294,0.548141087,0.989247312,11.1,4.5
Doron Lamb,ORL,SG,23,11.7,1.1,2.7,41.3,0.4,0.9,47.6,0.5,0.7,68.8,0.2,1,1.2,0.5,0.2,0.4,0,1,3.2,-0.56980057,0.535921205,0.936708861,3.391304348,1.2
Draymond Green,GSW,SF,78,13.5,1.1,3.3,32.7,0.2,0.9,20.9,0.6,0.7,81.8,0.7,2.6,3.3,0.7,0.5,0.6,0.3,2,2.9,-0.987654321,0.401849218,0.681749623,4.987179487,3.4
Dwight Howard,LAL,C,75,35.7,6.2,10.7,57.9,0,0.1,16.7,4.7,9.5,49.2,3.3,9.1,12.5,1.4,1.1,2.9,2.5,3.8,17.2,-5.508870215,0.577584354,0.936479129,32.10666667,12.7
Dwyane Wade,MIA,SG,69,34.6,8.2,15.8,52.1,0.2,1,25.8,4.5,6.1,72.6,1.2,3.7,5,5.1,1.9,2.8,0.8,2,21.2,1.734104046,0.573617515,0.979578172,25.20289855,6.4
Earl Barron,WAS,C,11,11.1,1.2,3.4,35.1,0,0,0,0.2,0.5,40,1.5,2.5,3.9,0.3,0.5,0.9,0.5,2.1,2.5,-6.306306306,0.353178607,0.56,5,3.5
Earl Clark,LAL,SF,58,22.9,2.8,6.5,43.7,0.6,1.7,33.7,0.9,1.3,68.9,1.4,4.1,5.5,1.1,0.6,1,0.7,1.7,7.2,-1.164483261,0.509756098,0.884656085,10.81034483,5.4
Earl Watson,UTH,PG,48,17.2,0.8,2.5,30.8,0.1,0.6,17.9,0.4,0.5,68,0.5,1.3,1.8,4,0.8,1.4,0.2,2,2,7.364341085,0.367647059,0.48241206,5.791666667,2.3
Ed Davis,TOR,PF,45,24.2,4.1,7.5,54.9,0,0,0,1.5,2.3,64.7,2.1,4.6,6.7,1.2,0.6,1,0.8,2.5,9.7,-0.826446281,0.569366271,1.004597701,15.42222222,6
Eddy Curry,DAL,C,2,12.5,2,4,50,0,0,0,0.5,2,25,1,1,2,0,0,1.5,0,3.5,4.5,-12,0.461065574,0.692307692,4.5,1
Ekpe Udoh,MIL,PF,75,17.3,1.5,3.5,43.2,0,0,0,1.2,1.6,74.8,1.5,1.8,3.3,0.6,0.5,0.6,1.1,1.8,4.3,-1.156069364,0.51139962,0.877717391,7.626666667,3.4
Elton Brand,DAL,PF,72,21.3,3.1,6.6,47.3,0,0,0,0.9,1.3,71,1.8,4.2,6,1,0.7,0.8,1.3,2.7,7.2,-0.625978091,0.501588039,0.893103448,12.29166667,6.2
Emeka Okafor,WAS,C,80,26,4.1,8.8,47.3,0,0,0,1.4,2.4,57.5,2.5,6.3,8.8,1.2,0.6,1.4,1,1.9,9.7,-2.307692308,0.492086039,0.850877193,16.2,7.9
Enes Kanter,UTH,C,70,15.4,3,5.4,54.5,0,0,100,1.3,1.7,79.5,1.9,2.4,4.3,0.4,0.4,1.4,0.5,1.7,7.3,-7.359307359,0.593689005,0.954248366,9.5,3.3
Eric Bledsoe,LAC,PG,76,20.4,3.3,7.5,44.5,0.4,1,39.7,1.4,1.8,79.1,1,1.9,3,3.1,1.4,1.8,0.7,1.5,8.5,1.307189542,0.512470648,0.833010961,11.09210526,4
Eric Gordon,NOR,SG,40,30.5,5.8,14.3,40.4,1.4,4.1,32.7,4.4,5.3,83.3,0.3,1.6,1.9,3.3,1.1,2.7,0.2,1.8,17.2,-1.639344262,0.517075517,0.875318066,13.4,2.9
Ersan Ilyasova,MIL,SF,73,27.5,5.1,11,46.3,1.3,2.9,43.7,1.7,2.2,79.2,2.1,5,7.1,1.6,0.9,1,0.5,2.5,13.2,0.242424242,0.551588391,1.007841087,16.91780822,6.4
E'Twaun Moore,ORL,SG,74,22.5,3.2,8,39.9,0.9,2.6,34.2,0.6,0.8,78.9,0.6,1.6,2.2,2.7,0.7,1.4,0.3,1.6,7.9,1.777777778,0.473331607,0.806340455,7.810810811,2.6
Evan Fournier,DEN,SG,39,11.6,2.1,4.3,49.4,0.6,1.5,41.7,0.8,1,76.9,0.2,0.8,1,1.3,0.6,0.9,0,1.8,5.6,-0.287356322,0.58868006,0.979775281,5.58974359,1.4
Evan Turner,PHI,SF,82,35.3,5.3,12.8,41.8,0.7,1.9,35,1.9,2.5,73.6,0.7,5.5,6.2,4.4,0.9,2.3,0.2,2.4,13.2,1.79414542,0.474478162,0.806559821,15.68292683,6.6
Festus Ezeli,GSW,C,77,14.5,0.9,2.2,43.5,0,0,0,0.6,1.1,53.1,1.8,2.2,4.1,0.3,0.3,0.8,1,2,2.5,-4.137931034,0.46753876,0.705667276,6.61038961,3.5
Francisco Garcia,SAC,SG,40,17.8,1.9,5.1,37.6,1,2.7,36.7,0.3,0.4,85.7,0.2,1.5,1.7,1.1,0.8,0.5,0.8,1.7,5.2,1.310861423,0.492797574,0.896551724,6,3.1
Garrett Temple,WAS,SG,52,22.8,2.1,5,41.2,0.5,1.6,33.7,0.5,0.7,70.3,0.6,1.9,2.5,2.2,1,1.2,0.3,1.9,5.2,1.169590643,0.489414153,0.794117647,7.288461538,3.2
Gary Neal,SAS,PG,69,21.7,3.6,8.7,41.1,1.3,3.7,35,0.9,1.1,86.5,0.2,1.9,2.1,1.9,0.4,1,0,1.4,9.4,1.228878648,0.512282142,0.917963225,7.913043478,2.3
George Hill,IND,PG,76,34.4,5.1,11.4,44.4,1.7,4.6,37,2.3,2.8,81.5,0.6,3.1,3.8,4.7,1.1,1.5,0.3,1.8,14.2,4.748062016,0.562143125,0.993097101,16.80263158,4.5
Gerald Green,IND,SF,60,18.2,2.7,7.2,37,1,3.2,31.3,0.8,1.1,79.4,0.5,1.8,2.4,0.8,0.3,0.9,0.4,1.1,7.2,-2.014652015,0.468505986,0.832369942,6,2.5
Gerald Henderson,CHA,SG,68,31.4,5.7,12.5,45.6,0.5,1.5,33,3.8,4.6,82.1,0.8,2.9,3.7,2.6,1,1.6,0.5,2.2,15.7,0.42462845,0.540639048,0.957418198,15.91176471,4.4
Gerald Wallace,BKN,SF,70,30.1,2.6,6.5,39.7,0.7,2.3,28.2,1.7,2.7,63.5,1,3.6,4.6,2.7,1.4,1.6,0.7,1.7,7.6,0.664451827,0.494276795,0.804232804,12.5,5.7
Glen Davis,ORL,PF,34,31.3,6.3,14.1,44.8,0,0.1,0,2.5,3.4,71.8,1.6,5.6,7.2,2.1,0.9,1.9,0.6,2.6,15.1,-1.597444089,0.483925741,0.852159468,17.08823529,7.1
Goran Dragic,PHO,PG,76,33.4,5.1,11.8,43.7,1.1,3.6,31.3,3.1,4.2,74.3,0.8,2.3,3.1,7.4,1.6,2.7,0.3,2.8,14.5,6.686626747,0.531156011,0.873563218,18.61842105,4.2
Gordon Hayward,UTH,SG,71,29.3,4.6,10.6,43.3,1.4,3.3,41.1,3.4,4.1,83.2,0.7,2.4,3.1,3,0.8,1.7,0.5,1.7,14,1.023890785,0.564106056,0.974987739,14.4084507,3.7
Grant Hill,LAC,SF,29,15,1.3,3.4,38.4,0.1,0.4,27.3,0.5,0.8,58.3,0.2,1.5,1.7,0.9,0.4,0.9,0.2,1.3,3.2,-2,0.426136364,0.681318681,3.724137931,2.1
Greg Monroe,DET,C,82,33.1,6.4,13.1,48.6,0,0.1,0,3.3,4.8,69,2.9,6.6,9.5,3.4,1.3,2.9,0.7,2.4,16,-1.913393756,0.525910723,0.869449967,22.80487805,8.6
Greg Smith,HOU,PF,70,15.7,2.4,3.9,60.9,0,0,0,1.1,1.7,61.7,1.6,3,4.6,0.4,0.3,0.6,0.6,2.5,5.8,-2.123142251,0.623924269,1.08411215,10.2,3.9
Greg Stiemsma,MIN,C,76,16,1.7,3.7,45.4,0,0,0,0.7,0.9,77.5,0.9,2.6,3.5,0.4,0.6,0.8,1.2,2.5,4.1,-3.333333333,0.501736781,0.829787234,7.197368421,4.4
Greivis Vasquez,NOR,PG,77,34.4,5.6,13,43,1.1,3.1,34,1.6,2,80.8,0.6,3.8,4.3,9,0.9,3.1,0.1,2.4,13.8,8.430232558,0.497305288,0.807137434,18,4.8
Gustavo Ayon,ORL,PF,43,13.3,1.6,2.9,53.6,0,0,0,0.4,0.9,50,0.9,2.3,3.3,1.4,0.3,0.9,0.3,1.9,3.6,0.250626566,0.545160383,0.844686649,7.209302326,2.9
Hakim Warrick,CHA,PF,27,17.9,2.4,6,40.5,0,0.1,0,2.1,3.2,67.4,0.8,2.5,3.3,0.9,0.4,1.1,0.2,1.4,7,-2.793296089,0.472878303,0.804255319,8.185185185,3.1
Hamed Haddadi,PHO,C,17,13.7,1.6,3.6,45.9,0,0,0,0.8,1.5,52,1.9,3.2,5.1,0.5,0.3,1.6,1.2,2.6,4.1,-9.245742092,0.483158476,0.693069307,8.352941176,4.7
Harrison Barnes,GSW,SF,80,25.4,3.4,7.7,43.9,0.6,1.8,35.4,1.8,2.4,75.5,0.7,3.5,4.1,1.2,0.6,1.2,0.2,1.7,9.2,-1.57480315,0.525354043,0.910891089,10.4,4.3
Hasheem Thabeet,OKC,C,65,11.6,1,1.6,60.4,0,0,0,0.5,0.8,60.8,1.1,1.9,2.9,0.2,0.5,0.6,0.9,2.2,2.4,-4.022988506,0.614754098,0.923076923,6.030769231,3.3
Hedo Turkoglu,ORL,SF,11,17.2,1.3,4.8,26.4,0.1,2.2,4.2,0.3,0.5,50,0.4,2,2.4,2.1,0.6,1.1,0.1,1,2.9,1.744186047,0.287562904,0.470588235,3.636363636,2.7
Ian Mahinmi,IND,C,80,16.5,1.9,4.1,44.8,0,0,0,1.3,2.1,60.8,1.4,2.5,3.9,0.4,0.5,1.2,0.8,2.5,5,-5.656565657,0.497611465,0.787401575,8,3.8
Iman Shumpert,NYK,SF,44,22.2,2.5,6.1,40.7,1.2,2.8,41.1,0.8,1.1,76.6,0.7,2.3,3,1.7,1,0.8,0.1,2.2,6.9,1.501501502,0.52573326,0.929663609,8.613636364,3.4
Isaiah Thomas,SAC,PG,78,26.7,4.6,10.4,44,1.5,4,36.6,3.1,3.5,88,0.3,1.7,2,4,0.8,1.8,0,2.1,13.7,3.245942572,0.574039866,0.982988506,13.30769231,2.5
Ishmael Smith,ORL,PG,11,11.5,0.5,2.6,17.2,0,0.4,0,0,0,0,0.3,1.3,1.5,1.6,0.4,0.8,0.1,0.5,0.9,2.31884058,0.172413793,0.263157895,1.636363636,1.8
Ivan Johnson,ATL,PF,69,15,2.7,5.2,51.5,0,0.2,7.1,1.1,1.8,62.4,1.1,2.7,3.8,0.7,0.9,1.1,0.2,1.9,6.5,-4.222222222,0.542847471,0.903420523,9.188405797,3.8
J.J. Barea,MIN,PG,49,23,4.6,10.7,42.9,1.5,4.1,36.1,1.2,1.6,73.4,0.3,2.1,2.5,3.8,0.4,2,0,1.8,11.9,2.31884058,0.52210202,0.881996974,10.91836735,2.5
J.J. Hickson,POR,C,79,29.1,5.2,9.3,56.2,0,0,0,2.3,3.4,67.8,3.3,7.1,10.4,1.1,0.6,1.8,0.6,2,12.7,-3.665521191,0.587676948,0.991596639,20.59493671,8.3
J.J. Redick,ORL,SG,50,31.5,5.2,11.6,45,2.3,6,39,2.3,2.6,89.1,0.2,2.2,2.4,4.4,0.6,2.1,0.1,1.4,15.1,2.645502646,0.592435656,1.006666667,14.4,2.9
J.R. Smith,NYK,SG,79,33.5,6.5,15.5,42.1,1.9,5.4,35.3,3,3.9,76.2,0.8,4.5,5.3,2.7,1.2,1.7,0.3,2.9,17.9,0.298507463,0.51965425,0.934567085,17.60759494,6
Jae Crowder,DAL,SF,77,17.4,1.8,4.7,38.7,0.8,2.5,33,0.6,0.9,64.4,0.5,1.9,2.4,1.2,0.8,0.6,0.2,1.6,5.1,1.149425287,0.500815578,0.888135593,6.506493506,2.9
Jamaal Tinsley,UTH,PG,65,18.5,1.3,3.6,36.8,0.6,1.9,30.6,0.3,0.4,69.2,0.3,1.5,1.8,4.4,1,1.6,0.2,1.6,3.5,7.207207207,0.464471969,0.64957265,7.107692308,2.7
Jamal Crawford,LAC,SG,76,29.4,5.9,13.4,43.8,2,5.2,37.6,2.8,3.3,87.1,0.3,1.4,1.7,2.5,1,1.9,0.2,0.9,16.5,-0.793650794,0.555634327,0.973980583,13,2.6
Jameer Nelson,ORL,PG,56,35.3,5.5,13.9,39.2,2.2,6.3,34.1,1.6,1.8,87.3,0.4,3.3,3.7,7.4,1.3,2.8,0.1,2.9,14.7,6.043437205,0.50034045,0.835109082,16.19642857,4.7
James Anderson,HOU,SG,29,10.6,1.5,3.8,40,0.6,1.9,32.7,0.6,0.7,85,0.5,1.5,2,1.2,0.4,0.7,0.1,0.7,4.2,0.943396226,0.513468013,0.871428571,5.034482759,2
James Harden,HOU,SG,78,38.1,7.4,17,43.4,2.2,6.2,36.5,8.7,10.2,85.3,0.8,4,4.8,5.8,1.8,3.8,0.5,2.3,25.7,0.174978128,0.598064716,0.992574257,26.69230769,6.3
James Johnson,SAC,PF,53,16.4,2.2,5.3,41.6,0,0.4,9.5,0.8,1.2,61.5,0.9,1.8,2.7,1.1,0.8,1.3,0.9,1.9,5.2,-3.455284553,0.446370811,0.722513089,6.698113208,3.5
Jan Vesely,WAS,SF,52,11.7,1.1,2.2,50,0,0,0,0.2,0.8,30.8,0.8,1.5,2.3,0.5,0.3,0.5,0.3,2.1,2.4,-1.424501425,0.471769324,0.776397516,4.826923077,2.1
Jannero Pargo,CHA,PG,18,16.9,3.3,8.3,39.6,1.6,4.3,37.7,0.4,0.4,87.5,0.4,0.9,1.3,1.9,0.8,1.6,0.1,1.6,8.6,-1.972386588,0.50960021,0.85399449,6.055555556,1.8
Jared Dudley,PHO,SG,78,27.5,4,8.5,46.9,1.3,3.4,39.3,1.6,2,79.7,1,2.1,3.1,2.6,0.9,1.3,0.1,1.6,11,1.575757576,0.586353945,1.019002375,12.30769231,3.1
Jared Sullinger,BOS,PF,45,19.8,2.5,5,49.3,0,0.1,20,1,1.4,74.6,2,3.8,5.9,0.8,0.5,0.6,0.5,3.4,6,-0.336700337,0.534188034,0.952380952,11.02222222,4.8
Jarrett Jack,GSW,PG,78,29.8,4.9,10.8,45.2,1,2.6,40,2.1,2.5,84.2,0.2,2.8,3.1,5.6,0.7,2,0.1,1.7,12.9,5.81655481,0.542142703,0.918302145,14.91025641,3.6
Jason Collins,BOS,C,32,10.3,0.3,0.7,34.8,0,0,0,0.7,0.9,70,0.7,1,1.6,0.2,0.3,0.5,0.2,2.3,1.2,-3.55987055,0.546605293,0.723809524,2.75,1.5
Jason Kidd,NYK,PG,75,26.9,2,5.4,37.1,1.5,4.3,35.1,0.5,0.6,83.3,0.7,3.6,4.2,3.3,1.7,1,0.3,1.6,6,4.460966543,0.529661017,0.895522388,11.22666667,5.6
Jason Maxiell,DET,PF,72,24.9,2.8,6.3,44.6,0,0,0,1.3,2,62.1,1.9,3.8,5.7,0.8,0.4,1.1,1.3,2.4,6.9,-2.275769746,0.480323179,0.821487603,11.20833333,5.5
Jason Richardson,PHI,SG,33,28.5,4.1,10.2,40.2,1.7,5.1,34.1,0.6,1,60.6,0.6,3.3,3.8,1.5,1.2,0.8,0.5,1.7,10.5,0.701754386,0.493570778,0.914361001,11.06060606,5
Jason Smith,NOR,PF,51,17.2,3.3,6.7,49,0,0.1,0,1.7,2,84.3,1.3,2.4,3.6,0.7,0.3,1.1,0.9,2.4,8.2,-3.682170543,0.540219189,0.930957684,9.509803922,3.6
Jason Terry,BOS,SG,78,26.9,3.6,8.2,43.6,1.6,4.2,37.3,1.5,1.7,87,0.2,1.8,2,2.5,0.8,1.3,0.1,1.4,10.1,1.36307311,0.564049705,0.975851393,9.807692308,2.7
Jason Thompson,SAC,PF,81,27.8,4.5,9,50.3,0,0,0,1.7,2.5,69.2,2.1,4.5,6.6,1,0.6,1.2,0.7,2.8,10.8,-1.918465228,0.534631929,0.943396226,14.81481481,5.8
JaVale McGee,DEN,C,80,18.1,3.8,6.6,57.5,0,0,100,1.4,2.3,59.1,2,2.8,4.8,0.3,0.4,1.1,2,2.3,9,-4.972375691,0.591171834,1.016949153,13.5,5.2
Jeff Adrien,CHA,SF,53,13.7,1.4,3.2,43.3,0,0,0,1.2,1.9,65,1.3,2.5,3.8,0.7,0.3,0.6,0.5,1.6,4,-0.97323601,0.494310763,0.83960396,7.603773585,3.3
Jeff Green,BOS,PF,80,27.8,4.6,9.9,46.4,0.9,2.3,38.1,2.6,3.2,80.9,0.7,3.2,3.9,1.6,0.7,1.6,0.9,2.1,12.7,-1.918465228,0.561549346,0.969465649,13.5,4.8
Jeff Teague,ATL,PG,80,32.8,5.5,12.2,45.1,1.1,3,35.8,2.5,2.8,87.9,0.3,2,2.3,7.2,1.5,2.9,0.4,2.2,14.5,5.792682927,0.539755807,0.878787879,16.6,3.9
Jeffery Taylor,CHA,SG,76,19.8,2.3,5.2,43.1,0.7,2,34,1,1.4,72.8,0.7,1.3,2,0.8,0.6,0.6,0.2,1.8,6.2,-0.336700337,0.533239743,0.953441296,6.697368421,2.1
Jeremy Lin,HOU,PG,82,32.2,4.8,11,44,1.1,3.2,33.6,2.6,3.4,78.6,0.4,2.6,3,6.1,1.6,2.8,0.4,2.5,13.4,3.933747412,0.536223116,0.864333464,16.30487805,4.6
Jeremy Pargo,CLE,PG,25,18,3,7.5,40.1,0.7,2.3,31.6,1.1,1.6,68.3,0.3,1,1.3,2.6,0.5,1.5,0.1,1.3,7.8,1.296296296,0.47422179,0.792682927,6.84,1.6
Jermaine O'Neal,PHO,C,54,18.5,3.2,6.6,47.9,0,0,0,1.8,2.1,84.1,1.5,3.8,5.3,0.8,0.4,1.3,1.4,2.2,8.1,-4.144144144,0.538548753,0.905699482,11.59259259,5.6
Jerry Stackhouse,BKN,SF,37,14.7,1.8,4.6,38.4,0.8,2.4,33.7,0.5,0.6,87,0.1,0.8,0.9,0.9,0.2,0.6,0.1,0.8,4.9,0,0.503673197,0.891625616,3.675675676,1.1
Jerryd Bayless,MEM,PG,79,21.9,3.2,7.7,41.8,0.9,2.5,36,1.3,1.5,83.6,0.3,1.9,2.2,3.3,0.7,1.5,0.2,2.1,8.6,3.196347032,0.514113514,0.8633185,9.189873418,2.8
Jimmer Fredette,SAC,PG,68,14.1,2.5,6,41.9,1,2.3,41.9,1.3,1.5,85.9,0.3,0.8,1,1.3,0.5,1,0,0.9,7.2,-0.945626478,0.540982159,0.929791271,5.705882353,1.3
Jimmy Butler,CHI,SF,81,25.8,2.9,6.2,46.9,0.5,1.3,38.8,2.3,2.9,80.1,1.7,2.4,4,1.4,0.9,0.8,0.4,1.2,8.6,0.516795866,0.575652461,1.018261505,11.80246914,3.7
Joakim Noah,CHI,C,66,36.7,4.6,9.5,48.1,0,0.1,0,2.7,3.6,75.1,3.9,7.2,11.1,4,1.2,2.7,2.1,2.8,11.9,-0.090826521,0.536407369,0.8495671,23.60606061,10.5
Jodie Meeks,LAL,SG,77,21.2,2.6,6.8,38.9,1.6,4.4,36.1,1.1,1.2,90.5,0.5,1.7,2.2,0.9,0.7,0.7,0.1,1.3,8,-0.471698113,0.545634921,0.987179487,7.103896104,2.5
Joe Johnson,BKN,SG,73,36.7,6.2,14.6,42.1,2.1,5.5,37.3,1.8,2.2,82.2,0.7,2.3,3,3.5,0.7,1.7,0.2,1.4,16.2,1.725703906,0.520301889,0.931129477,13.91780822,3.2
Johan Petro,ATL,C,32,12,1.7,3.8,43.4,0,0.1,25,0.4,0.4,92.3,1.2,2.8,4,0.5,0.3,0.8,0.3,1.6,3.7,-3.888888889,0.461948011,0.763754045,5.90625,3.4
John Henson,MIL,PF,63,13.2,2.6,5.3,48.2,0,0,0,0.9,1.7,53.3,1.9,2.9,4.7,0.5,0.3,0.7,0.7,1.3,6,-2.777777778,0.495958854,0.876013905,9.603174603,3.9
John Jenkins,ATL,SG,62,15.1,2.2,4.9,45.5,0.9,2.3,39.7,1,1.2,85.5,0.3,1.3,1.6,1,0.2,0.7,0.2,0.6,6.4,-0.220750552,0.589790825,1.033854167,6.193548387,1.7
John Lucas,TOR,PG,63,13.1,2,5.3,38.6,0.9,2.4,37.7,0.3,0.4,72,0.1,0.9,1,1.7,0.4,0.4,0,0.8,5.3,5.597964377,0.484057971,0.899057873,4.793650794,1.3
John Salmons,SAC,SG,75,30,3.2,8.1,40.1,1.3,3.5,37.4,1.1,1.5,77.3,0.4,2.3,2.7,3,0.7,1.1,0.3,1.9,8.9,3,0.507814876,0.893645485,10.01333333,3.3
John Wall,WAS,PG,50,32.8,6.8,15.2,44.7,0.2,0.9,26.7,5,6.3,79.4,0.7,3.3,4,7.5,1.3,3.2,0.8,2.4,18.9,5.487804878,0.525817939,0.877030162,22.2,5.4
Jon Leuer,CLE,PF,9,10.1,1.1,3.1,35.7,0,0.3,0,0.2,0.7,33.3,0.6,0.9,1.4,0.6,0.2,0.6,0,1.2,2.4,-1.98019802,0.359007833,0.611111111,2.666666667,1.1
Jonas Jerebko,DET,PF,50,18.3,2.9,6.4,44.9,0.5,1.7,30.6,1.4,1.8,77.8,1.4,2.4,3.8,0.9,0.8,0.9,0.2,1.8,7.7,-1.639344262,0.535317019,0.93902439,9.4,3.4
Jonas Valanciunas,TOR,C,62,23.8,3.3,6,55.1,0,0,0,2.3,2.9,79.6,1.9,4,6,0.7,0.3,1.5,1.2,3,8.9,-4.341736695,0.611702128,0.994594595,13.5,5.5
Jordan Crawford,WAS,SG,43,26.3,4.9,11.8,41.5,1.4,4,34.5,2,2.5,82.1,0.7,2.4,3.1,3.6,0.6,2.3,0.1,1.4,13.2,0.380228137,0.512154656,0.860606061,11.90697674,3.1
Jordan Hill,LAL,C,29,15.8,2.7,5.3,49.7,0,0.1,0,1.4,2.1,65.6,2.8,2.9,5.7,0.4,0.3,0.9,0.7,1.9,6.7,-4.008438819,0.536385755,0.921615202,11,3.9
Jose Calderon,TOR,PG,45,28.3,4.2,8.8,47,1.8,4.1,42.9,1,1.2,90.4,0.3,2,2.4,7.4,0.6,1.7,0.1,1.3,11.1,11.42520612,0.595578426,1,15.51111111,2.7
Jose Juan Barea,MIN,PG,26,22.7,3.8,9.3,41.5,1,3,32.9,1.8,2.2,81,0.6,2.6,3.2,4.4,0.5,1.9,0,1.7,10.5,4.552129222,0.511082822,0.854460094,11.57692308,3.1
Josh Howard,MIN,SF,11,18.8,2.8,7,40.3,0.5,1.5,31.3,0.6,1.1,58.3,0.8,2.5,3.3,0.4,0.9,0.9,0.3,1.6,6.7,-3.368794326,0.449684006,0.795698925,7,3.7
Josh McRoberts,ORL,PF,41,16.7,1.5,3.7,39.2,0.4,1.3,30.9,0.5,0.7,73.3,1,2.3,3.3,1.7,0.2,0.7,0.3,1.6,3.9,2.594810379,0.485554746,0.818414322,6.682926829,2.8
Josh Smith,ATL,SF,75,35.3,7.2,15.6,46.4,0.8,2.6,29.8,2.2,4.2,52.1,1.8,6.7,8.4,4.2,1.3,3,1.8,2.3,17.4,-0.566572238,0.498624484,0.84057971,23.70666667,9.8
Jrue Holiday,PHI,PG,78,37.4,7.2,16.5,43.3,1.2,3.2,37.6,2.3,3,75.9,1.1,3.1,4.2,8,1.6,3.8,0.4,2.2,17.8,4.099821747,0.499294944,0.816470588,19.61538462,5.1
Justin Holiday,PHI,SG,9,15.9,1.6,4.8,32.6,0.4,1.7,26.7,0.7,0.9,75,0,1.3,1.3,1.7,0.3,1,0.7,0.4,4.2,0.838574423,0.408426483,0.678571429,4.222222222,2.3
Kawhi Leonard,SAS,SF,59,31.4,4.5,9.1,49.8,1.1,3,37.7,1.9,2.3,82.4,1.1,4.9,6,1.6,1.7,1.1,0.6,1.7,12.1,-0.106157113,0.598150258,1.065671642,16.69491525,7.2
Keith Bogans,BKN,SF,75,18.9,1.4,3.8,37.8,1.1,3.3,34,0.1,0.2,64.7,0.2,1.4,1.6,1,0.4,0.7,0.1,1.5,4.1,-0.176366843,0.528120713,0.89146165,4.213333333,1.9
Kemba Walker,CHA,PG,82,34.6,6.4,15.1,42.5,1.3,4,32.7,3.5,4.5,79.3,0.7,2.7,3.4,5.7,1.9,2.5,0.4,1.8,17.7,3.757225434,0.518081065,0.891551459,18.90243902,5
Kendall Marshall,PHO,PG,47,14.9,1.2,3.2,37.1,0.5,1.6,31.5,0.2,0.3,57.1,0.1,0.8,0.9,3,0.5,1.2,0.1,1,3,5.369127517,0.451460041,0.661971831,4.425531915,1.4
Kendrick Perkins,OKC,C,77,25,1.8,4,46,0,0,0,0.6,0.9,61.1,1.4,4.5,6,1.4,0.6,1.4,1.1,2.9,4.3,-1.866666667,0.48912401,0.734739179,10.1038961,6.2
Kenneth Faried,DEN,SF,81,28,4.8,8.6,55.2,0,0,0,2,3.3,61.2,3.2,5.9,9.1,1,1,1.4,1.1,2.9,11.6,-2.619047619,0.577055299,0.996290408,19.90123457,8
Kenyon Martin,NYK,PF,18,23.9,3.1,5.2,60.2,0,0,0,0.9,2.2,42.5,1.9,3.3,5.2,0.4,0.9,0.9,0.9,3.6,7.2,-2.649930265,0.582437276,1,12.88888889,5.1
Kevin Durant,OKC,SF,80,38.6,9,17.7,50.8,1.7,4.1,41.4,8.4,9.3,90.6,0.6,7.3,7.9,4.7,1.5,3.5,1.3,1.8,28.1,-0.949913644,0.644732012,1.087040619,32.2,10.1
Kevin Garnett,BOS,C,68,29.8,6.2,12.5,49.6,0,0.2,12.5,2.3,3,78.6,1.1,6.7,7.8,2.3,1.1,1.6,0.9,2.3,14.8,-0.223713647,0.535243041,0.948162111,19.69117647,8.7
Kevin Jones,CLE,PF,31,10.1,1.4,3.3,41.6,0,0,0,0.3,0.5,60,1.1,1.1,2.3,0.3,0.3,0.2,0.1,0.8,3,-2.75E-16,0.42644901,0.801724138,4.064516129,1.5
Kevin Love,MIN,PF,18,34.4,5.8,16.6,35.2,1.1,5.1,21.7,5.6,7.9,70.4,3.6,10.4,14,2.3,0.7,2.2,0.5,1.9,18.3,-1.937984496,0.455073586,0.802439024,25.05555556,11.6
Kevin Martin,OKC,SG,76,27.8,4.6,10.1,45,2.1,4.8,42.7,2.9,3.2,88.9,0.4,1.9,2.3,1.4,0.9,1.3,0.1,1.8,14.1,-1.318944844,0.61262744,1.084471421,12.30263158,2.9
Kevin Seraphin,WAS,PF,80,22,4.2,9.1,46.4,0,0,0,0.8,1.1,68.9,1.4,3,4.4,0.7,0.3,1.6,0.8,2.7,9.2,-5.151515152,0.479966611,0.817777778,9.2,4.1
Keyon Dooling,MEM,PG,7,11.7,1.4,3,47.6,0.7,1.7,41.7,0.9,1,85.7,0,0.1,0.1,1.1,0.1,0.7,0,1.1,4.4,0.284900285,0.643687708,1.050847458,3.714285714,0.2
Khris Middleton,DET,SF,28,18,2.3,5.3,44.2,0.5,1.7,31.9,1,1.1,84.4,0.1,1.8,1.9,1.1,0.6,0.4,0.1,2.1,6.1,1.851851852,0.528953229,0.979942693,6.535714286,2.5
Kim English,DET,SG,41,10,1,2.7,37.5,0.3,1.2,28,0.5,0.7,72.4,0.2,0.7,0.9,0.6,0.4,0.5,0.1,1.1,2.9,-1,0.480769231,0.812286689,2.87804878,1.2
Kirk Hinrich,CHI,SG,60,28.8,2.6,6.9,37.3,1.2,3,39,1.2,1.6,71.1,0.3,2.3,2.6,5.2,1,1.6,0.4,3.2,7.4,6.481481481,0.486586007,0.795698925,11.1,3.7
Klay Thompson,GSW,SG,81,35.7,6.1,14.7,42,2.6,6.4,39.9,1.6,1.9,84.4,0.4,3.4,3.8,2.2,1,1.9,0.5,2.9,16.5,-1.213818861,0.531078204,0.940225035,13.80246914,4.9
Kobe Bryant,LAL,SG,77,38.6,9.5,20.4,46.3,1.7,5.2,32.8,6.8,8.1,83.8,0.9,4.7,5.6,6,1.4,3.7,0.3,2.2,27.4,0.777202073,0.571642212,0.973247232,27.4025974,6.4
Kosta Koufos,DEN,C,82,22.4,3.6,6.2,58.2,0,0,0,0.7,1.3,55.8,2.6,4.3,6.9,0.4,0.5,0.6,1.3,3,8,-1.488095238,0.590905815,1.074529075,14.51219512,6.1
Kris Humphries,BKN,PF,65,18.3,2.1,4.8,44.8,0,0,0,1.5,1.9,78.9,1.9,3.7,5.6,0.5,0.2,0.9,0.5,2,5.8,-3.096539162,0.514240506,0.870669746,9.4,4.4
Kurt Thomas,NYK,PF,39,10.1,1.2,2.1,54.2,0,0,100,0.2,0.3,46.2,0.6,1.7,2.3,0.5,0.3,0.2,0.4,1.3,2.5,1.320132013,0.561411549,1.020833333,5.051282051,2.4
Kwame Brown,PHI,C,22,12.2,0.8,1.7,45.9,0,0,0,0.3,0.9,36.8,1,2.3,3.4,0.4,0.3,0.4,0.5,1.7,1.9,-1.092896175,0.458515284,0.75,5.818181818,3.1
Kyle Korver,ATL,SF,73,30.5,3.8,8.1,46.1,2.6,5.6,45.9,0.9,1,86.3,0.3,3.6,4,2,0.9,0.9,0.5,2.3,10.9,1.420765027,0.638721274,1.147801009,13.20547945,5
Kyle Lowry,TOR,PG,68,29.5,3.6,9.1,39.9,1.5,4.1,36.5,2.8,3.5,79.2,0.8,3.9,4.8,6.4,1.4,2.3,0.4,3.2,11.6,6.666666667,0.545100315,0.882550336,17.5,5.7
Kyle O'Quinn,ORL,PF,56,11.2,1.7,3.4,50.5,0,0,0,0.5,0.8,66.7,1.1,2.5,3.7,0.9,0.2,0.7,0.5,1.9,4,-0.892857143,0.533841754,0.890656064,7.196428571,3.2
Kyle Singler,DET,SG,83,28,3.3,7.8,42.7,0.8,2.4,34.7,1.2,1.5,80.3,1.3,2.7,4,0.9,0.7,1.2,0.4,2.7,8.7,-2.142857143,0.514245014,0.891908586,9.289156627,3.8
Kyrie Irving,CLE,PG,58,34.7,8.3,18.1,45.7,1.8,4.7,39.2,4.3,5,85.5,0.6,3.1,3.6,5.9,1.5,3.2,0.3,2.5,22.7,2.113352546,0.559188179,0.95365677,21.70689655,4.9
Lamar Odom,LAC,PF,82,19.7,1.8,4.5,39.9,0.2,1.1,20,0.2,0.5,47.6,1.4,4.4,5.9,1.7,0.8,1,0.7,2.6,4,0.676818951,0.423728814,0.695652174,9.707317073,5.9
LaMarcus Aldridge,POR,PF,73,37.6,8.6,17.8,48.2,0,0.2,14.3,3.8,4.6,81.1,2.4,6.6,9,2.6,0.8,2,1.2,2.5,20.9,-0.709219858,0.527356169,0.946063236,24.09589041,8.6
Lance Stephenson,IND,SG,79,28.7,3.5,7.5,46,0.8,2.4,33.3,1,1.5,65.8,0.6,3.3,3.9,2.8,1,1.4,0.2,2.1,8.7,1.62601626,0.532261064,0.899803536,11.69620253,4.5
Lance Thomas,NOR,SF,58,10.9,0.9,1.8,49,0,0,0,0.7,1,72.9,0.8,1.2,2,0.3,0.2,0.2,0.1,1.3,2.5,-2.55E-16,0.559759111,1,4.293103448,1.5
Landry Fields,TOR,SF,51,20.4,2,4.4,46.2,0,0.3,14.3,0.7,1.1,64.8,1.1,2.9,4,1.2,0.6,0.9,0.2,1.3,4.8,-0.490196078,0.49268018,0.822147651,7.901960784,3.7
Larry Sanders,MIL,C,71,27.2,4.3,8.5,50.9,0,0,0,1.2,1.9,61.5,3.1,6.3,9.4,1.2,0.7,1.2,2.9,3.3,9.8,-1.470588235,0.524570395,0.920026438,19.30985915,9.9
Lavoy Allen,PHI,C,79,21.2,2.6,5.8,45.2,0,0,0,0.5,0.8,71.7,2.1,3.1,5.1,0.9,0.3,0.7,0.7,2.3,5.8,-0.471698113,0.471465042,0.841138659,9.202531646,4.1
Leandro Barbosa,BOS,SG,41,12.5,2,4.7,43,0.4,1.1,38.3,0.8,1,75.6,0.2,0.9,1.1,1.4,0.4,0.5,0.1,1.2,5.2,3.466666667,0.504643669,0.908315565,5.146341463,1.4
LeBron James,MIA,SF,77,37.8,10.1,17.8,56.7,1.4,3.3,40.6,5.3,7,75.3,1.3,6.7,8,7.2,1.7,2.9,0.9,1.4,26.8,5.026455026,0.641727191,1.107593239,35.7012987,9.3
Linas Kleiza,TOR,SF,21,17.9,2.3,6.9,33.3,1,3.1,30.3,1.5,1.8,84.2,0.5,2,2.5,0.8,0.2,0.7,0.1,2.1,7,-0.931098696,0.454489241,0.82122905,5.571428571,2.3
Lou Amundson,NOR,PF,16,11.6,1,2.5,40,0,0,0,0.5,1,50,1.4,1.9,3.3,0.5,0.6,0.5,0.4,1.6,2.5,-1.436781609,0.425170068,0.714285714,5.8125,2.9
Louis Williams,ATL,SG,39,28.7,4.8,11.4,42.2,1.8,5,36.7,2.7,3.1,86.8,0.2,1.8,2.1,3.6,1.1,1.9,0.3,1.4,14.1,1.742160279,0.551942839,0.949094047,13.12820513,3.2
Luc Mbah a Moute,MIL,PF,58,23,2.7,6.6,40.6,0.2,0.6,35.1,1.3,2.2,56.9,1.6,2.9,4.5,1,0.7,1.2,0.2,1.4,6.8,-2.31884058,0.448420286,0.762088975,9,3.8
Luis Scola,PHO,PF,81,26.8,5.3,11.2,47.2,0,0.2,18.8,2.2,2.8,78.7,2,4.7,6.7,2.2,0.8,1.5,0.4,3.1,12.9,-0.124378109,0.518929763,0.914660832,16.19753086,5.9
Luke Babbitt,POR,SF,62,11.8,1.4,3.8,36.8,1,2.9,34.8,0.2,0.2,76.9,0.2,2,2.2,0.5,0.2,0.4,0.1,1.3,3.9,-0.564971751,0.501492042,0.906367041,4.080645161,2.3
Luke Ridnour,MIN,PG,82,30.1,4.5,9.9,45,0.8,2.6,31.1,1.7,2,84.3,0.5,2,2.5,3.8,1,1.6,0.2,2.3,11.4,3.100775194,0.528750452,0.912195122,12.20731707,3.2
Luke Walton,CLE,SF,49,17.4,1.4,3.7,39.2,0.4,1.4,29.9,0.2,0.4,50,0.8,2.2,3,3.3,0.9,1.2,0.3,2,3.5,5.747126437,0.453108535,0.688,7.714285714,3.4
Luol Deng,CHI,SF,74,38.6,6.2,14.5,42.9,1,3.1,32,3,3.7,81.1,2.2,4.2,6.4,3,1.1,1.9,0.4,1.4,16.5,0.259067358,0.511495023,0.903774981,17.90540541,5.7
Malcolm Lee,MIN,SG,16,18.1,1.8,4.8,38.2,0.5,1.5,33.3,0.8,1.3,60,0.9,1.5,2.4,1.2,0.8,0.6,0.4,1.9,4.9,1.104972376,0.452226345,0.8,6.5,2.7
Manu Ginobili,SAS,SG,60,23.2,3.8,9,42.5,1.4,3.9,35.3,2.7,3.4,79.6,0.5,2.9,3.4,4.6,1.3,2.2,0.2,1.9,11.8,3.735632184,0.562118902,0.914728682,14.6,4.4
Marc Gasol,MEM,C,79,34.9,5.4,10.9,49.2,0,0.2,7.1,3.4,4,85,2.3,5.4,7.8,3.9,1,1.9,1.7,3.2,14.1,2.005730659,0.556977721,0.95295124,21.6835443,8.1
Marcin Gortat,PHO,C,61,30.8,4.8,9.3,52.1,0,0,0,1.5,2.3,65.2,2.1,6.4,8.5,1.2,0.7,1.6,1.6,2.1,11.1,-2.597402597,0.53849825,0.921088435,17.80327869,8.7
Marco Belinelli,CHI,SG,73,25.8,3.3,8.4,39.5,1.1,3,35.7,1.9,2.3,83.9,0.2,1.7,1.9,2,0.6,1.1,0.1,1.9,9.6,0.904392765,0.510248646,0.902187902,8.410958904,2.4
Marcus Camby,NYK,C,24,10.5,0.7,2.2,32.1,0,0,0,0.3,0.8,42.1,1,2.3,3.3,0.6,0.3,0.6,0.6,1.2,1.8,-1.904761905,0.350391134,0.562091503,4.958333333,3.2
Marcus Morris,HOU,PF,54,21.4,3.2,7.4,42.8,1.4,3.6,38.1,0.9,1.4,65.3,1.2,2.9,4.1,0.9,0.5,1,0.3,2.2,8.6,-1.869158879,0.535252861,0.943089431,9.685185185,3.7
Marcus Thornton,SAC,SG,71,24.3,4.7,10.9,42.9,2,5.3,37.3,1.6,1.8,88.1,0.7,1.8,2.5,1.3,0.8,0.9,0.1,1.5,12.9,-0.137174211,0.551594566,1.015521064,10.70422535,2.7
Mario Chalmers,MIA,PG,77,26.8,3,6.9,43,1.6,4,41,1.1,1.4,78.7,0.2,2,2.2,3.5,1.5,1.5,0.2,2.5,8.7,3.109452736,0.579063818,0.955777461,11,3.7
Markieff Morris,PHO,PF,81,22.5,3.3,8,40.7,0.6,1.7,33.6,1.1,1.5,72.8,1.6,3.2,4.8,1.3,0.9,1.3,0.8,2.6,8.2,-1.925925926,0.473150154,0.815724816,10.39506173,4.9
Marquis Daniels,MIL,SF,59,18.5,2.3,5.9,38.1,0.3,1.2,27.8,0.7,0.9,74.1,0.8,1.7,2.5,1.1,0.8,0.8,0.2,1.3,5.5,-0.36036036,0.437627922,0.771055753,5.93220339,2.7
Marreese Speights,MEM,PF,40,14.4,2.7,6.2,42.9,0.1,0.1,40,1.2,1.7,71.6,1.9,2.8,4.7,0.5,0.3,0.9,0.7,2.2,6.6,-3.935185185,0.474956822,0.830188679,8.9,3.8
Marshon Brooks,BKN,SG,74,12.7,2.1,4.6,46.2,0.2,0.8,26.8,0.9,1.3,73.4,0.4,1,1.4,1,0.5,0.9,0.2,1.3,5.4,-1.837270341,0.523231478,0.879120879,5.513513514,1.7
Martell Webster,WAS,SF,77,28.9,3.7,8.4,44.2,1.8,4.3,42.3,2.3,2.7,84.9,0.7,3.2,3.8,1.9,0.6,1.2,0.2,2.2,11.5,0.230680507,0.599848345,1.051008304,12.50649351,4
Marvin Williams,UTH,PF,74,23.4,2.7,6.4,42.3,0.7,2.2,32.5,1,1.3,77.8,0.7,2.8,3.6,1,0.5,0.8,0.5,1.3,7.1,-0.56980057,0.508484426,0.903614458,8.486486486,3.8
Matt Barnes,LAC,SF,80,25.8,3.9,8.4,46.2,1.4,4.1,34.2,1.1,1.5,74.4,1.4,3.2,4.6,1.5,1,1.1,0.8,2.9,10.3,-0.387596899,0.568432671,1.004878049,13,5
Matt Bonner,SAS,PF,69,13.4,1.6,3.4,48.3,0.8,1.8,43.4,0.2,0.2,73.3,0.4,1.5,1.9,0.6,0.2,0.2,0.3,1.2,4.2,1.492537313,0.601260574,1.1328125,5.202898551,2
Maurice Harkless,ORL,SF,15,37.9,5,12.5,40.1,0.5,2.9,18.2,2.2,3.8,57.9,2.1,2.9,5,1,1.7,1.9,0.9,2.9,12.7,-3.254177661,0.448188474,0.778004073,13.53333333,5.5
Metta World Peace,LAL,SF,75,33.7,4.4,11,40.3,1.9,5.5,34.2,1.7,2.3,73.4,1.3,3.6,5,1.5,1.6,1.3,0.6,2.6,12.4,-0.890207715,0.516024503,0.921248143,13.8,5.8
Meyers Leonard,POR,C,68,17.4,2.2,4,55,0,0.1,42.9,1,1.3,80.5,1.1,2.5,3.7,0.5,0.2,0.7,0.6,2.4,5.5,-2.107279693,0.601828012,1.027472527,8.308823529,3.3
Michael Beasley,PHO,SF,74,20.5,4,10.1,39.8,0.6,1.9,31,1.3,1.7,74.6,0.7,3,3.7,1.5,0.4,1.9,0.5,1.4,9.9,-4.390243902,0.456731967,0.770767613,8.418918919,3.9
Michael Kidd.Gilchrist,CHA,SF,78,25.8,3.5,7.7,45.9,0,0.1,22.2,1.8,2.4,74.6,1.7,4.1,5.7,1.5,0.7,1.3,0.9,2.1,8.9,-1.162790698,0.507844515,0.872407291,12.80769231,5.7
Mickael Gelabale,MIN,SF,35,17.8,2,3.8,51.9,0.5,1.4,32,0.5,0.5,94.1,0.9,1.8,2.7,0.7,0.5,0.5,0.1,1.3,4.9,-0.187265918,0.610275334,1.075,6.657142857,2.4
Mickael Pietrus,TOR,SF,19,20.4,1.8,5.2,34.7,1.1,3.4,31.3,0.6,0.9,66.7,0.3,1.6,1.9,0.5,0.6,0.8,0.3,1.7,5.3,-2.287581699,0.474267468,0.824489796,4.736842105,2.5
Mike Conley,MEM,PG,63,34.4,5.2,11.9,43.5,1.2,3.7,33.8,2.9,3.5,83,0.5,2.2,2.8,6,2,2.3,0.3,2.1,14.5,4.941860465,0.539398518,0.909000497,17.20634921,4.5
Mike Conley Jr.,MEM,PG,16,34.8,4.9,10.7,46.2,1.7,3.8,44.3,2.9,3.6,82.5,0.6,2.5,3.1,6.5,2.7,2.9,0.3,2.3,14.5,4.118773946,0.59027071,0.943089431,19.125,5.5
Mike Dunleavy,MIL,SF,75,25.9,3.7,8.3,44.4,1.7,4,43,1.4,1.7,82.3,0.4,3.4,3.8,1.9,0.5,1.2,0.5,1.9,10.5,0.257400257,0.579991756,1.014157014,11.73333333,4.4
Mike James,DAL,PG,44,19.2,2.3,6.1,36.9,1,2.8,37.7,0.5,0.6,77.8,0.2,1.4,1.6,3.1,0.5,1.2,0.1,2.1,6,4.513888889,0.472373318,0.790419162,6.363636364,2
Mike Miller,MIA,SG,59,15.1,1.6,3.7,42,1.1,2.8,40.4,0.1,0.2,77.8,0.3,2.4,2.6,1.7,0.4,0.6,0.1,1.1,4.4,3.53200883,0.582228592,1.003861004,6.610169492,2.9
Mike Scott,ATL,PF,40,10.3,2,4.1,48.1,0,0.1,0,1.2,1.6,76.6,1,1.9,2.9,0.4,0.1,0.6,0.1,0.9,5.1,-3.236245955,0.53080766,0.927272727,6.3,2.1
Mo Williams,UTH,PG,45,30.8,5,11.7,43,1.3,3.4,38.8,1.6,1.8,88,0.5,1.9,2.4,6.2,1,2.7,0.2,2.2,13,4.653679654,0.51987061,0.848440899,13.57777778,3.1
Moe Harkless,ORL,SF,60,23.3,3.1,6.3,49.2,0.4,1.2,32.9,0.7,1.2,56.3,1.5,2.8,4.3,0.6,1,0.7,0.8,1.7,7.2,-1.287553648,0.527240773,0.947368421,10.5,4.6
Monta Ellis,MIL,PG,82,37.6,7.3,17.5,41.6,1.2,4,29.1,3.6,4.6,78.2,0.5,3.4,3.9,6.1,2.1,3.1,0.4,2,19.4,2.570921986,0.496914197,0.847403462,19.6097561,5.9
Nando de Colo,SAS,PG,73,13,1.5,3.4,43,0.4,1.1,37.3,0.5,0.6,80.4,0.3,1.6,2,1.9,0.6,1.2,0.1,1.2,3.9,0.512820513,0.532989228,0.796089385,5.493150685,2.3
Nate Robinson,CHI,PG,81,25.4,4.8,11.2,43.3,1.7,4.2,40.5,1.7,2.1,79.9,0.4,1.9,2.2,4.4,1,1.7,0.1,2.5,13,4.855643045,0.536259931,0.931858407,12.98765432,3
Nazr Mohammed,CHI,C,62,10.7,1,2.8,37.4,0,0,0,0.5,0.7,72.1,1.1,1.9,3,0.4,0.3,0.4,0.5,1.5,2.6,-1.246105919,0.417271408,0.73015873,4.790322581,2.7
Nen?,WAS,C,58,27.4,4.7,9.9,47.6,0,0,0,3.3,4.4,73.5,1.6,5.1,6.7,2.9,0.9,2.3,0.6,2.9,12.7,-1.338199513,0.537015447,0.883163571,17.4137931,6.6
Nick Collison,OKC,PF,80,19.5,2.2,3.6,59.8,0,0.1,0,0.7,1,76.3,1.5,2.6,4.1,1.5,0.6,0.9,0.4,2.4,5.1,0.512820513,0.631188119,1.02,9.7,3.6
Nick Young,PHI,SG,59,24.1,3.8,9.2,41.5,1.2,3.5,34.9,1.8,2.2,82.3,0.4,1.8,2.2,1.4,0.6,0.8,0.2,1.4,10.7,0.553250346,0.525658114,0.963358779,9.305084746,2.6
Nicolas Batum,POR,SF,73,38.4,4.8,11.4,42.3,2.3,6.1,37.2,2.4,2.9,84.8,1.3,4.3,5.6,4.9,1.2,2.6,1.1,1.9,14.3,1.736111111,0.564153554,0.925531915,18.4109589,6.6
Nikola Pekovic,MIN,C,63,31,6.1,11.8,51.8,0,0,0,3.7,5,74.4,3.7,5,8.7,0.9,0.7,1.6,0.8,2.3,16,-3.225806452,0.57168784,1.006490265,21.0952381,6.5
Nikola Vucevic,ORL,C,76,33.2,6,11.5,51.7,0,0.1,0,1.1,1.7,68.3,3.5,8.3,11.9,1.8,0.8,1.8,1,2.8,13.1,-1.807228916,0.535046629,0.926080893,21.90789474,10.1
Norris Cole,MIA,PG,80,19.9,2.3,5.4,42,0.4,1.3,35,0.7,1,64.6,0.2,1.4,1.7,2,0.7,1.3,0.1,2,5.6,0.167504188,0.479452055,0.777777778,6,2.2
O.J. Mayo,DAL,SG,81,35.6,5.6,12.6,44.8,1.7,4.3,40.8,2.3,2.9,81.8,0.4,3.1,3.5,4.4,1.1,2.6,0.3,2.4,15.3,0.936329588,0.550960512,0.918117821,15.59259259,4.5
Omer Asik,HOU,C,82,30,4,7.4,54.2,0,0,0,2,3.6,55.9,3.3,8.3,11.6,0.9,0.6,2.1,1.1,2.7,10.1,-5,0.561889251,0.893685915,20.3902439,10
Omri Casspi,CLE,SF,42,12,1.5,3.8,39.4,0.6,1.8,32.9,0.5,1,53.7,0.5,2.2,2.7,0.7,0.6,0.5,0.3,1.1,4.1,-0.277777778,0.481846706,0.851485149,6.071428571,3.1
Orlando Johnson,IND,SG,51,12.1,1.4,3.5,39.8,0.7,1.8,38.3,0.4,0.6,73.3,0.4,1.7,2.1,0.9,0.2,0.6,0.2,1,4,0,0.52948505,0.904656319,4.882352941,2.1
P.J. Tucker,PHO,SG,78,24.1,2.6,5.6,47,0.3,0.9,31.4,0.8,1.1,74.4,1.7,2.7,4.4,1.3,0.8,0.9,0.2,1.8,6.4,-0.138312586,0.525440148,0.907272727,9.487179487,3.7
Pablo Prigioni,NYK,PG,77,16.2,1.3,2.8,45.8,0.7,1.7,40.5,0.3,0.3,88,0.5,1.3,1.8,3,0.9,1.1,0,1.6,3.5,5.555555556,0.597028127,0.864,6.597402597,2.2
Patrick Beverley,HOU,PG,41,17.3,1.9,4.6,41.8,0.9,2.3,37.5,0.8,1,82.9,1.1,1.6,2.7,2.9,0.9,1.1,0.5,2,5.6,4.816955684,0.555448223,0.903732809,9.024390244,3
Patrick Mills,SAS,PG,16,12.5,2.2,4.7,46.7,0.8,2.2,37.1,0.1,0.2,66.7,0.3,0.9,1.2,1.1,0.6,1.3,0.1,0.8,5.3,-4.533333333,0.556865828,0.871794872,4.6875,1.6
Patrick Patterson,HOU,PF,47,26,5,9.7,51.9,0.7,2,36.5,0.8,1,75.5,1.6,3.1,4.7,1.1,0.4,0.9,0.6,1.9,11.6,-0.641025641,0.571662331,1.04506232,13,4.1
Patty Mills,SAS,PG,42,10.8,1.9,4,47,0.9,2.3,41.1,0.3,0.4,87.5,0.1,0.6,0.7,1.1,0.4,0.5,0,1,5,2.160493827,0.598358787,1.063291139,4.69047619,1
Pau Gasol,LAL,PF,48,33.7,5.5,11.8,46.4,0.2,0.6,28.6,2.5,3.6,70.1,2.3,6.3,8.6,4.1,0.5,2.2,1.3,1.9,13.6,1.582591494,0.508471937,0.86090969,20.70833333,8.1
Paul George,IND,SF,79,37.5,6.2,14.8,41.8,2.2,5.9,36.4,2.8,3.4,81.5,1.1,6.5,7.6,4.2,1.8,3,0.6,2.9,17.4,-0.533333333,0.534038653,0.892567348,20.59493671,8.9
Paul Millsap,UTH,PF,77,30.3,5.5,11.2,48.8,0.2,0.5,31.6,3.4,4.6,74.4,2.2,4.8,7.1,2.5,1.3,1.8,1,2.9,14.5,-0.440044004,0.548754127,0.948217317,20.1038961,7.1
Paul Pierce,BOS,SF,77,33.5,6.2,14.2,43.6,1.9,5,38,4.3,5.5,78.7,0.6,5.7,6.3,4.8,1.1,2.8,0.4,2.7,18.6,1.194029851,0.559567351,0.941485865,21.5974026,7.2
Quentin Richardson,NYK,SF,1,29,1,11,9.1,1,4,25,2,2,100,5,5,10,1,0,2,0,1,5,-4.597701149,0.21043771,0.357142857,4,5
Quincy Acy,TOR,SF,29,12.2,1.6,2.8,56.1,0.1,0.1,66.7,1.2,1.4,83.3,1,1.7,2.7,0.4,0.5,0.6,0.5,1.9,4.4,-2.732240437,0.646203554,1.080168776,6.965517241,2.7
Quincy Pondexter,MEM,SF,58,21.1,2.2,5,43.5,1,2.6,39.9,1,1.3,78.7,0.7,1.5,2.3,1,0.6,0.7,0.1,1.6,6.4,-0.157977883,0.574303406,1.006784261,7.189655172,2.2
Rajon Rondo,BOS,PG,38,37.4,5.9,12.2,48.4,0.3,1.3,24,1.6,2.4,64.5,1.1,4.4,5.6,11,1.8,3.9,0.2,2.5,13.7,9.180035651,0.516824062,0.792395437,22.92105263,6.4
Ramon Sessions,CHA,PG,61,27,4.5,11.1,40.8,0.5,1.8,30.8,4.8,5.7,83.9,0.4,2.3,2.8,3.8,0.8,1.7,0.1,1.5,14.4,3.086419753,0.528839204,0.919371728,14.49180328,3.2
Randy Foye,UTH,PG,81,27.4,3.6,9,39.8,2.2,5.3,41.2,1.5,1.8,81.9,0.2,1.3,1.6,2,0.8,1.1,0.3,2.3,10.8,0.851581509,0.551535475,0.982042649,9.308641975,2.4
Rashard Lewis,MIA,PF,55,14.2,1.9,4.5,42.1,0.9,2.3,39.5,0.5,0.8,60.5,0.3,1.9,2.2,0.6,0.4,0.5,0.2,1.2,5.2,-0.704225352,0.534859366,0.959731544,5.8,2.5
Rasheed Wallace,NYK,PF,21,14.1,2.6,6.8,38.7,1,3.3,31.9,0.7,1,70,0.5,3.4,4,0.3,0.6,0.5,0.7,1.9,7,-2.127659574,0.482790331,0.893617021,8.19047619,4.7
Ray Allen,MIA,SG,80,25.8,3.7,8.2,44.8,1.8,4.2,42.4,1.8,2,88.8,0.5,2.2,2.7,1.7,0.8,1.3,0.2,1.7,10.9,-0.645994832,0.600220264,1.038095238,10.7,3.2
Raymond Felton,NYK,PG,67,34,5.6,13,42.7,1.4,3.8,36.1,1.5,1.9,78.9,0.7,2.1,2.9,5.5,1.4,2.3,0.2,1.9,14,4.019607843,0.505998619,0.861736334,14.70149254,3.7
Reggie Evans,BKN,PF,81,24.8,1.6,3.3,48.5,0,0,0,1.4,2.8,51.1,3.3,8,11.2,0.5,0.9,1.4,0.2,2.5,4.7,-4.301075269,0.519243349,0.772036474,15.80246914,9.1
Reggie Jackson,OKC,PG,69,14.1,2.1,4.7,46.1,0.3,1.5,23.1,0.8,0.9,83.9,0.3,2,2.3,1.8,0.4,0.7,0.2,1.2,5.4,3.546099291,0.530915509,0.925558313,6.927536232,2.6
Richard Hamilton,CHI,SG,50,21.8,4.1,9.5,42.9,0.3,1,30.8,1.3,1.5,85.7,0.3,1.3,1.7,2.4,0.5,1.7,0.1,1.9,9.8,-0.458715596,0.482283465,0.820083682,7.6,1.9
Richard Jefferson,GSW,SF,56,10.1,1.1,2.4,45.6,0.3,0.8,31.1,0.7,0.9,71.7,0.1,1.4,1.5,0.6,0.3,0.4,0.1,0.8,3.1,-5.50E-16,0.557692308,0.961325967,4.125,1.8
Ricky Rubio,MIN,PG,57,29.6,3.2,9.1,35.4,0.5,1.6,28.6,3.7,4.6,80.4,0.8,3.2,4,7.2,2.5,3,0.1,2.5,10.6,6.081081081,0.476130416,0.735688185,16.40350877,5.8
Robin Lopez,NOR,C,80,26.1,4.7,8.8,53.4,0,0,0,2,2.5,77.3,2.8,2.9,5.7,0.8,0.4,1.4,1.6,2.1,11.4,-3.320561941,0.575757576,0.995633188,14.9,4.9
Rodney Stuckey,DET,PG,77,28.5,4.1,9.9,40.9,0.7,2.4,30.1,2.8,3.6,78.1,0.6,2.3,2.9,3.6,0.7,1.8,0.2,1.6,11.6,2.105263158,0.505159071,0.859066859,12.18181818,3.2
Rodrigue Beaubois,DAL,PG,45,12.3,1.4,3.9,36.9,0.5,1.6,29.2,0.7,0.8,78.9,0.2,1,1.2,1.9,0.4,0.7,0.1,1.2,4,4.60704607,0.469140951,0.796460177,4.511111111,1.5
Roger Mason Jr.,NOR,SG,67,18,2,4.5,44,1,2.3,42,0.6,0.6,90.7,0.2,1.8,2,1.1,0.4,0.7,0.2,1.6,5.5,0.185185185,0.577284105,1,6,2.4
Ronnie Brewer,NYK,SF,46,15.4,1.4,3.8,36.6,0.5,1.5,31,0.3,0.8,41,0.6,1.5,2.2,0.9,0.7,0.3,0.1,0.6,3.6,1.948051948,0.433918862,0.8,5.304347826,2.3
Ronnie Price,POR,PG,39,13.1,1,3.1,32.5,0.3,1,25.6,0.4,0.6,70.8,0.3,0.8,1.1,1.9,0.7,0.9,0.1,1.6,2.7,2.798982188,0.400396583,0.626865672,3.692307692,1.6
Ronny Turiaf,LAC,C,65,10.8,0.8,1.5,50.5,0,0,0,0.4,1,36.5,0.7,1.6,2.3,0.5,0.3,0.4,0.5,1.2,1.9,-0.617283951,0.489731438,0.792332268,5.030769231,2.4
Roy Hibbert,IND,C,79,28.7,4.9,10.9,45,0,0.1,25,2.1,2.8,73.4,3.7,4.6,8.3,1.4,0.5,2.1,2.6,3.5,11.9,-4.06504065,0.490482551,0.826373626,17.30379747,7.7
Royal Ivey,PHI,PG,52,13.3,1.2,2.7,43,0.7,1.7,41.9,0.2,0.3,56.3,0.3,0.8,1.1,0.6,0.4,0.4,0.1,1.4,3.2,-4.17E-16,0.564472252,0.982248521,3.576923077,1.3
Rudy Gay,MEM,SF,42,36.7,6.7,16.4,40.8,1,3.1,31,2.9,3.7,77.6,1.3,4.6,5.9,2.6,1.3,2.5,0.7,2.1,17.2,-2.089009991,0.476756471,0.828456684,16.30952381,6.6
Russell Westbrook,OKC,PG,81,34.9,8.2,18.7,43.9,1.2,3.7,32.7,5.6,7,80.1,1.3,3.9,5.2,7.4,1.8,3.3,0.3,2.3,23.2,4.680038204,0.532451487,0.909707093,25.48148148,6
Ryan Anderson,NOR,PF,79,31.1,5.9,13.8,42.6,2.7,6.9,38.6,1.8,2.2,83.9,2.4,4.1,6.5,1.2,0.5,1.2,0.4,2.2,16.3,-1.286173633,0.552050473,1.012578616,16.2278481,5
Ryan Hollins,LAC,C,60,11.1,1.2,1.9,61.4,0,0,0,1.1,1.5,75,0.8,1.5,2.3,0.2,0.1,0.7,0.6,2.2,3.4,-5.105105105,0.6640625,1.014925373,5.6,2.2
Sam Young,IND,SF,57,12.2,1,2.6,39.6,0.3,0.9,30.8,0.4,0.8,53.5,0.4,1.7,2.2,0.7,0.3,0.6,0.1,1.1,2.8,-1.092896175,0.475511175,0.780487805,4.315789474,2.1
Samardo Samuels,CLE,PF,18,10.8,1.2,3.3,36.7,0,0.1,0,0.8,1.3,58.3,0.6,1,1.6,0.4,0.2,0.3,0.2,1.7,3.2,-0.308641975,0.419560185,0.768211921,3.777777778,1.4
Samuel Dalembert,MIL,C,47,16.2,2.9,5.4,54.2,0,0,100,0.8,1.2,69.1,2.2,3.6,5.9,0.4,0.4,1.1,1.1,1.9,6.7,-5.144032922,0.565245478,0.943113772,11.29787234,5.1
Sasha Pavlovic,POR,SG,38,13.8,1.1,3.1,35.6,0.5,1.6,30.5,0,0.2,16.7,0.2,1.3,1.5,0.8,0.6,0.4,0.1,1.6,2.7,0.966183575,0.423798552,0.751824818,3.526315789,2
Sebastian Telfair,PHO,PG,46,17.3,2,5.4,38.1,0.9,2.5,38.1,1,1.2,77.2,0.3,1.2,1.5,2.5,0.6,1.2,0.2,1.8,6,2.697495183,0.506980162,0.835098336,6.413043478,2
Serge Ibaka,OKC,PF,79,31.1,5.6,9.7,57.3,0.3,0.7,35.1,1.8,2.4,74.6,2.7,5,7.7,0.5,0.3,1.6,3.1,2.7,13.2,-4.072883173,0.613818267,1.056737589,19.70886076,8.4
Shane Battier,MIA,SF,72,24.8,2.1,5,42.1,1.9,4.4,43.8,0.5,0.6,85,0.5,1.7,2.2,1.1,0.6,0.5,0.7,2,6.6,0.940860215,0.626781379,1.137724551,7.875,3
Shannon Brown,PHO,PG,58,24.1,4.1,9.8,42.1,0.7,2.4,27.7,1.7,2.2,78.4,0.8,1.8,2.6,1.9,1,1.3,0.3,1.6,10.6,-0.138312586,0.492535879,0.869872702,9.896551724,3.1
Shaun Livingston,CLE,PG,48,23.1,2.9,5.8,50.7,0,0,0,1.4,1.6,84.8,0.6,1.9,2.5,3.6,0.8,1.2,0.6,2.2,7.2,5.194805195,0.554700526,0.923898531,10.8125,3.3
Shavlik Randolph,BOS,PF,15,12.4,1.5,2.6,56.4,0,0,0,0.5,1.5,31.8,1.6,2.6,4.2,0.3,0.5,0.6,0.5,2.1,3.4,-3.225806452,0.519136808,0.857142857,8.266666667,3.6
Shawn Marion,DAL,SF,66,29.9,5.2,10.2,51.3,0.3,1.1,30.6,1.1,1.5,77.3,2.2,5.6,7.8,2.4,1.1,1.5,0.7,1.7,11.9,0.334448161,0.547755945,0.955569081,17.78787879,7.4
Shelvin Mack,ATL,PG,20,13.9,2.1,4.5,47.2,0.8,1.9,42.1,0.5,0.7,71.4,0,1.2,1.2,2.5,0.5,1.3,0,1.4,5.5,2.637889688,0.571963394,0.894308943,6.2,1.7
Solomon Jones,NYK,PF,2,13,0,0.5,0,0,0,0,0,0,0,0.5,1,1.5,0,0,1.5,0.5,1.5,0,-11.53846154,0,0,0,1.5
Spencer Hawes,PHI,C,82,27.1,4.5,9.8,46.3,0.4,1.1,36,1.5,1.9,77.1,2.1,5.1,7.2,2.2,0.3,1.6,1.4,2.8,10.9,-0.49200492,0.512238724,0.882527147,15.5,6.8
Stephen Curry,GSW,PG,77,38.3,8.1,17.8,45.2,3.5,7.7,45.4,3.4,3.7,89.9,0.8,3.3,4.1,6.8,1.6,3.1,0.2,2.5,23,3.742384682,0.591753542,1.010556348,23.19480519,5.1
Stephen Jackson,SAS,SF,56,19.6,2.3,6,37.5,0.8,3.1,27,0.9,1.3,70.8,0.4,2.4,2.8,1.4,0.7,1.4,0.3,1.6,6.3,-2.380952381,0.479463219,0.783573807,6.803571429,3.4
Steve Blake,LAL,PG,44,25.7,2.5,6,42.4,1.6,3.8,42.2,0.6,0.8,77.1,0.4,2.5,2.9,3.8,0.8,1.3,0.1,1.8,7.3,4.798962387,0.57444524,0.948301329,10.29545455,3.4
Steve Nash,LAL,PG,50,32.6,4.7,9.5,49.7,1.1,2.6,43.8,2.1,2.3,92.2,0.5,2.3,2.8,6.7,0.6,2.5,0.1,1.4,12.7,6.032719836,0.604071537,0.965779468,15.8,3
Steve Novak,NYK,SF,80,20.4,2.2,5.3,41.5,1.9,4.4,42.8,0.4,0.4,90.9,0.2,1.7,1.9,0.4,0.4,0.2,0.1,1.2,6.7,0.326797386,0.611760409,1.175438596,6.2,2.2
Taj Gibson,CHI,PF,65,22.5,3.3,6.8,48.5,0,0.1,0,1.4,2,67.9,1.9,3.4,5.3,0.9,0.4,1.2,1.4,2.6,8,-2.666666667,0.520833333,0.888888889,11.90769231,5.2
Tayshaun Prince,DET,SF,45,32.4,4.8,10.8,44.4,0.5,1.2,43.4,1.6,2.1,79.6,1,3.7,4.6,2.5,0.5,1.2,0.3,1,11.7,1.440329218,0.499242137,0.897021277,12.95555556,4.5
Terrence Jones,HOU,PF,19,15.2,2.5,5.4,46.6,0.4,1.2,30.4,0.7,1.1,70,1.7,2,3.7,0.8,0.7,0.7,1.1,1.2,6.2,-1.096491228,0.525659301,0.932806324,9.315789474,3.8
Terrence Ross,TOR,SG,73,17.2,2.6,6.3,40.6,0.9,2.7,32.8,0.5,0.6,71.7,0.5,1.5,2,0.7,0.6,0.7,0.2,1.7,6.5,-1.356589147,0.49545227,0.891181989,5.712328767,2.3
Terrence Williams,BOS,SG,23,12.5,1.9,3.8,50,0.2,0.6,38.5,0.3,0.8,42.1,0.1,1.5,1.7,1.6,0.4,0.8,0,0.5,4.4,2.133333333,0.53202697,0.885964912,5.913043478,1.9
Thabo Sefolosha,OKC,SG,80,27.6,2.8,5.8,48.2,1.3,3.2,42,0.7,0.9,82.6,0.7,3.2,3.9,1.5,1.3,0.8,0.6,2.2,7.6,0.724637681,0.613298903,1.078014184,11.3,5.1
Thaddeus Young,PHI,SF,76,34.5,6.7,12.6,52.8,0,0.1,12.5,1.4,2.4,57.5,2.3,5,7.4,1.6,1.8,1.1,0.7,2.5,14.8,-0.096618357,0.541865752,0.9929391,20.30263158,7.5
Thomas Robinson,SAC,PF,51,15.9,2,4.7,42.6,0,0,0,0.8,1.4,57.7,1.8,2.9,4.7,0.7,0.5,1.3,0.4,1.9,4.8,-5.241090147,0.451629553,0.717423133,7.725490196,3.8
Tiago Splitter,SAS,C,82,24.6,3.9,6.9,55.8,0,0,0,2.5,3.5,72.8,1.8,4.6,6.3,1.6,0.8,1.2,0.8,2,10.3,-0.54200542,0.61030219,1.046439628,16.62195122,6.2
Tim Duncan,SAS,PF,70,30,7.2,14.2,50.4,0,0.1,28.6,3.6,4.4,81.8,1.8,8.2,10,2.7,0.7,2.1,2.7,1.7,18,-1,0.557759048,0.972972973,25.8,11.6
Tobias Harris,ORL,SF,26,35.7,6.7,14.6,46.1,1,3.3,31.4,3,4.2,71.6,2.1,6.3,8.4,2,0.9,1.8,1.3,3.3,17.5,-1.307189542,0.531591738,0.944963655,21.57692308,8.5
Toney Douglas,HOU,PG,49,18.7,2.8,7.2,39.5,1.2,3.3,37.7,1.2,1.4,88.2,0.5,1.4,1.8,1.9,0.8,1.1,0,2.1,8.1,0.891265597,0.517790067,0.899207248,7.285714286,2.2
Tony Allen,MEM,SG,78,26.9,3.6,8.1,44.4,0,0.3,12.5,1.7,2.4,71.7,1.6,3.1,4.6,1.2,1.5,1.2,0.6,2.7,9,-1.486988848,0.491403931,0.85661989,11.91025641,5.2
Tony Parker,SAS,PG,66,33,7.9,15.1,52.2,0.4,1,34.8,4.2,5,84.5,0.3,2.7,3,7.6,0.8,2.6,0.1,1.4,20.3,7.474747475,0.586587288,1.004497751,22.81818182,3.6
Travis Outlaw,SAC,SF,37,11.8,2,4.7,42.2,0.4,1.4,28,1,1.4,73.1,0.5,1.2,1.6,0.6,0.3,0.5,0.2,0.9,5.4,-0.847457627,0.507923608,0.913242009,5.27027027,1.7
Trevor Ariza,WAS,SF,57,26.4,3.3,8.1,41.3,1.4,3.8,35.8,1.4,1.7,82.1,0.8,4,4.8,2,1.3,1.5,0.4,1.3,9.4,-0.631313131,0.531029563,0.898575021,11.89473684,5.7
Trevor Booker,WAS,PF,49,18.4,2.2,4.5,48.9,0,0.1,0,0.9,1.6,57.7,2,2.9,4.9,0.8,0.7,0.7,0.3,2,5.3,-0.905797101,0.509164969,0.884353741,9.693877551,3.9
Tristan Thompson,CLE,PF,81,31.2,4.7,9.7,48.6,0,0,0,2.1,3.5,59.6,3.7,5.6,9.3,1.3,0.7,1.5,0.9,2.9,11.5,-2.02991453,0.511548257,0.887619048,18.59259259,7.2
Troy Murphy,DAL,PF,14,18.3,1.6,4.4,36.1,0.8,2.5,31.4,0.7,0.8,90.9,0.5,3,3.5,0.5,0.7,0.5,0.4,2.1,4.6,-0.910746812,0.478755236,0.859060403,6.5,4.1
Ty Lawson,DEN,PG,73,34.4,6.1,13.3,46.1,1.2,3.2,36.6,3.2,4.3,75.6,0.5,2.2,2.7,6.8,1.5,2.5,0.1,1.8,16.7,5.910852713,0.549514948,0.929824561,19.17808219,3.8
Tyler Hansbrough,IND,PF,81,16.9,2.2,5,43.1,0,0,0,2.7,3.7,72,2,2.7,4.7,0.5,0.3,1,0.2,1.9,7,-3.944773176,0.527932961,0.891509434,9.901234568,3.2
Tyler Zeller,CLE,C,76,26.3,3.2,7.2,43.8,0,0.1,0,1.6,2,76.8,2.1,3.6,5.7,1.3,0.5,1.2,0.9,3.2,7.9,-1.267427123,0.488694859,0.840336134,11.48684211,5
Tyreke Evans,SAC,PG,64,30.8,5.6,11.7,47.5,0.7,2,33.3,3.2,4.1,77.7,0.8,3.5,4.3,3.5,1.4,2,0.4,2.1,15,1.082251082,0.555375573,0.952380952,17.421875,5.3
Tyrus Thomas,CHA,PF,26,13.5,1.8,5,35.1,0.1,0.3,42.9,1,1.2,83.9,0.5,1.7,2.2,0.7,0.5,0.7,0.6,2,4.7,-1.728395062,0.424672793,0.74617737,5,2.8
Tyson Chandler,NYK,C,65,32.7,3.9,6,64.1,0,0,0,2.8,4,69.4,4.1,6.6,10.6,0.9,0.6,1.3,1.2,2.9,10.5,-2.140672783,0.67704203,1.12892562,21.6,8.4
Udonis Haslem,MIA,PF,75,18.8,1.8,3.4,51.2,0,0,0,0.5,0.6,72.3,1.3,4.1,5.4,0.5,0.4,0.6,0.2,2.3,4,-1.418439716,0.545851528,0.930232558,8.413333333,4.7
Victor Claver,POR,SF,48,16.4,1.5,3.8,38.7,0.5,1.8,29.4,0.3,0.6,44.8,0.6,1.8,2.4,0.9,0.5,0.9,0.2,1.5,3.7,-1.829268293,0.456972684,0.743215031,4.8125,2.5
Vince Carter,DAL,SG,80,25.8,4.6,10.6,43.7,2,4.9,41,2.3,2.8,81.6,0.7,3.4,4.1,2.3,1,1.3,0.5,2.8,13.5,0.904392765,0.570486815,1.015037594,14.6,4.9
Wayne Ellington,CLE,SG,37,25.6,3.8,8.7,43.5,1.4,3.8,36.9,1.4,1.5,91.2,0.5,2.4,2.9,1.7,0.8,0.9,0.1,1.1,10.4,0.911458333,0.555331179,1.005221932,10.24324324,3.3
Wesley Johnson,PHO,SF,49,18.8,3.2,7.9,40.6,1,3.1,32.9,0.5,0.7,78.8,0.4,2,2.5,0.7,0.4,0.9,0.4,1.1,8,-2.304964539,0.487610708,0.875,6.632653061,2.8
Wesley Matthews,POR,SG,68,34.8,5.1,11.6,43.9,2.5,6.1,40.6,2.1,2.7,79.6,0.5,2.3,2.8,2.5,1.3,1.6,0.3,2.5,14.8,0.191570881,0.578187503,1.016161616,14.17647059,3.9
Will Barton,POR,SG,72,12.1,1.6,4.2,38,0.1,0.9,14.3,0.7,0.9,76.6,0.5,1.4,1.9,0.8,0.5,0.8,0.1,0.8,4,-2.203856749,0.435571688,0.733757962,4.097222222,2
Will Bynum,DET,PG,65,18.7,3.9,8.3,46.9,0.4,1.2,31.6,1.6,2,80.9,0.4,1.1,1.5,3.6,0.7,1.9,0.1,2,9.8,2.673796791,0.53332217,0.873799726,9.815384615,1.9
Willie Green,LAC,SG,72,16.5,2.5,5.4,46.1,1,2.3,42.8,0.3,0.4,71.9,0.2,1.1,1.3,0.8,0.4,0.4,0.2,1.3,6.3,0.808080808,0.565013939,1.049710983,5.805555556,1.7
Wilson Chandler,DEN,SG,44,25.3,5,10.7,46.6,1.3,3,41.7,2,2.5,78.6,1.1,4,5.1,1.4,1.1,1.4,0.3,2.8,13.2,-1.844532279,0.559299191,0.988095238,14.47727273,5.4
Xavier Henry,NOR,SG,49,12.4,1.3,3.2,42.3,0.1,0.2,36.4,1.1,1.8,62.5,0.4,1.4,1.8,0.3,0.3,0.6,0.1,1.5,3.9,-3.225806452,0.487941958,0.830434783,4.612244898,1.8
Zach Randolph,MEM,PF,75,34.3,6.2,13.4,46.1,0,0.3,8.7,3,4,74.9,4.1,7.2,11.3,1.4,0.8,2,0.4,2.4,15.4,-3.109815355,0.507915567,0.885057471,21.10666667,8.4
Zaza Pachulia,ATL,C,52,21.8,2.2,4.6,47.3,0,0.1,0,1.5,2,75.7,2.5,3.9,6.5,1.5,0.7,1.3,0.2,2.5,5.9,-1.376146789,0.539050428,0.855153203,11.57692308,4.8
